id,name,province,lat,lon,time,temp,rh,dew,rain_3h,rain_24h,wind_kmh,wind_dir,pressure,visibility_km
48300,แม่ฮ่องสอน,แม่ฮ่องสอน,19.29897,97.97578,2026-10-07T01:00:00,23.5,93.0,22.3,0.0,0.0,0.0,0.0,1015.47,6.0
48300,แม่ฮ่องสอน,แม่ฮ่องสอน,19.29897,97.97578,2026-10-07T04:00:00,23.3,95.0,22.4,0.0,0.0,0.0,0.0,1015.2,4.0
48300,แม่ฮ่องสอน,แม่ฮ่องสอน,19.29897,97.97578,2026-10-07T07:00:00,23.7,93.0,22.5,0.0,0.0,0.0,0.0,1016.51,5.0
48300,แม่ฮ่องสอน,แม่ฮ่องสอน,19.29897,97.97578,2026-10-07T10:00:00,28.2,77.0,23.8,0.0,0.0,0.0,0.0,1017.45,10.0
48300,แม่ฮ่องสอน,แม่ฮ่องสอน,19.29897,97.97578,2026-10-07T13:00:00,32.7,60.0,24.0,0.0,0.0,0.0,0.0,1013.62,10.0
48300,แม่ฮ่องสอน,แม่ฮ่องสอน,19.29897,97.97578,2026-10-07T16:00:00,34.0,55.0,23.7,0.0,0.0,0.0,0.0,1010.63,10.0
48302,ดอยอ่างขาง,เชียงใหม่,19.93139,99.04833,2026-10-07T01:00:00,17.0,100.0,17.0,0.0,0.0,0.0,0.0,1013.85,5.0
48302,ดอยอ่างขาง,เชียงใหม่,19.93139,99.04833,2026-10-07T04:00:00,15.5,99.0,15.3,0.0,0.0,11.1,150.0,1015.8,5.0
48302,ดอยอ่างขาง,เชียงใหม่,19.93139,99.04833,2026-10-07T07:00:00,15.8,99.0,15.6,0.2,0.2,7.4,120.0,1017.54,8.0
48302,ดอยอ่างขาง,เชียงใหม่,19.93139,99.04833,2026-10-07T10:00:00,19.2,87.0,17.1,0.0,0.2,7.4,120.0,1017.93,8.0
48302,ดอยอ่างขาง,เชียงใหม่,19.93139,99.04833,2026-10-07T13:00:00,21.8,77.0,17.6,0.0,0.2,5.6,140.0,1014.77,8.0
48302,ดอยอ่างขาง,เชียงใหม่,19.93139,99.04833,2026-10-07T16:00:00,20.2,89.0,18.3,0.0,0.2,3.7,110.0,1012.12,8.0
48303,เชียงราย,เชียงราย,19.96139,99.88139,2026-10-07T01:00:00,24.7,90.0,22.9,0.0,0.0,0.0,0.0,1016.2,10.0
48303,เชียงราย,เชียงราย,19.96139,99.88139,2026-10-07T04:00:00,23.1,93.0,21.9,0.0,0.0,0.0,0.0,1015.89,10.0
48303,เชียงราย,เชียงราย,19.96139,99.88139,2026-10-07T07:00:00,25.0,90.0,23.2,0.0,0.0,0.0,0.0,1017.54,10.0
48303,เชียงราย,เชียงราย,19.96139,99.88139,2026-10-07T10:00:00,30.0,61.0,21.5,0.0,0.0,9.3,120.0,1018.12,10.0
48303,เชียงราย,เชียงราย,19.96139,99.88139,2026-10-07T13:00:00,32.2,56.0,22.2,0.0,0.0,3.7,330.0,1014.94,10.0
48303,เชียงราย,เชียงราย,19.96139,99.88139,2026-10-07T16:00:00,33.1,49.0,21.1,0.0,0.0,3.7,90.0,1012.48,10.0
48304,เชียงราย สกษ.,เชียงราย,19.87083,99.78278,2026-10-07T01:00:00,21.9,98.0,21.6,0.0,0.0,0.0,0.0,1017.13,12.0
48304,เชียงราย สกษ.,เชียงราย,19.87083,99.78278,2026-10-07T04:00:00,20.9,98.0,20.6,0.0,0.0,0.0,0.0,1016.27,12.0
48304,เชียงราย สกษ.,เชียงราย,19.87083,99.78278,2026-10-07T07:00:00,21.3,99.0,21.1,0.0,0.0,0.0,0.0,1017.98,12.0
48304,เชียงราย สกษ.,เชียงราย,19.87083,99.78278,2026-10-07T10:00:00,27.6,64.0,20.1,0.0,0.0,16.7,30.0,1018.13,12.0
48304,เชียงราย สกษ.,เชียงราย,19.87083,99.78278,2026-10-07T13:00:00,30.0,49.0,18.2,0.0,0.0,24.1,50.0,1014.99,15.0
48304,เชียงราย สกษ.,เชียงราย,19.87083,99.78278,2026-10-07T16:00:00,30.6,48.0,18.4,0.0,0.0,14.8,40.0,1012.57,15.0
48307,ทุ่งช้าง,น่าน,19.41194,100.88353,2026-10-07T01:00:00,22.7,99.0,22.5,0.0,8.8,0.0,0.0,1016.76,5.0
48307,ทุ่งช้าง,น่าน,19.41194,100.88353,2026-10-07T04:00:00,22.2,99.0,22.0,0.0,8.8,0.0,0.0,1016.26,5.0
48307,ทุ่งช้าง,น่าน,19.41194,100.88353,2026-10-07T07:00:00,21.7,99.0,21.5,0.0,8.8,0.0,0.0,1017.95,12.0
48307,ทุ่งช้าง,น่าน,19.41194,100.88353,2026-10-07T10:00:00,28.5,73.0,23.2,0.0,8.8,0.0,0.0,1017.85,12.0
48307,ทุ่งช้าง,น่าน,19.41194,100.88353,2026-10-07T13:00:00,32.1,56.0,22.3,0.0,8.8,3.7,300.0,1014.29,12.0
48307,ทุ่งช้าง,น่าน,19.41194,100.88353,2026-10-07T16:00:00,32.5,52.0,21.2,0.0,8.8,0.0,0.0,1012.28,12.0
48310,พะเยา,พะเยา,19.13333,99.9,2026-10-07T01:00:00,23.1,96.0,22.5,0.0,0.0,0.0,0.0,1015.44,10.0
48310,พะเยา,พะเยา,19.13333,99.9,2026-10-07T04:00:00,22.6,98.0,22.3,0.0,0.0,0.0,0.0,1014.97,10.0
48310,พะเยา,พะเยา,19.13333,99.9,2026-10-07T07:00:00,24.1,88.0,22.0,0.0,0.0,0.0,0.0,1016.5,12.0
48310,พะเยา,พะเยา,19.13333,99.9,2026-10-07T10:00:00,28.1,67.0,21.4,0.0,0.0,0.0,0.0,1017.2,12.0
48310,พะเยา,พะเยา,19.13333,99.9,2026-10-07T13:00:00,29.7,65.0,22.5,0.0,0.0,3.7,20.0,1013.97,12.0
48310,พะเยา,พะเยา,19.13333,99.9,2026-10-07T16:00:00,31.7,55.0,21.7,0.0,0.0,0.0,0.0,1011.88,12.0
48315,ท่าวังผา,น่าน,19.11056,100.8025,2026-10-07T01:00:00,23.3,90.0,21.6,0.0,0.2,0.0,0.0,1016.95,8.0
48315,ท่าวังผา,น่าน,19.11056,100.8025,2026-10-07T04:00:00,22.9,89.0,20.9,0.0,0.2,0.0,0.0,1016.34,8.0
48315,ท่าวังผา,น่าน,19.11056,100.8025,2026-10-07T07:00:00,22.9,90.0,21.2,0.0,0.2,0.0,0.0,1017.64,10.0
48315,ท่าวังผา,น่าน,19.11056,100.8025,2026-10-07T10:00:00,28.7,68.0,22.2,0.0,0.2,7.4,100.0,1018.22,12.0
48315,ท่าวังผา,น่าน,19.11056,100.8025,2026-10-07T13:00:00,31.6,58.0,22.4,0.0,0.2,9.3,150.0,1014.83,12.0
48315,ท่าวังผา,น่าน,19.11056,100.8025,2026-10-07T16:00:00,31.1,59.0,22.1,0.0,0.2,3.7,200.0,1012.89,12.0
48324,เถิน,ลำปาง,17.63661,99.24475,2026-10-07T01:00:00,24.2,100.0,24.2,0.0,0.0,1.9,80.0,1016.17,8.0
48324,เถิน,ลำปาง,17.63661,99.24475,2026-10-07T04:00:00,23.6,100.0,23.6,0.0,0.0,0.0,0.0,1015.13,5.0
48324,เถิน,ลำปาง,17.63661,99.24475,2026-10-07T07:00:00,24.1,100.0,24.1,0.0,0.0,0.0,0.0,1016.57,10.0
48324,เถิน,ลำปาง,17.63661,99.24475,2026-10-07T10:00:00,28.8,80.0,25.1,0.0,0.0,1.9,180.0,1017.59,13.0
48324,เถิน,ลำปาง,17.63661,99.24475,2026-10-07T13:00:00,32.8,69.0,26.4,0.0,0.0,3.7,200.0,1014.24,13.0
48324,เถิน,ลำปาง,17.63661,99.24475,2026-10-07T16:00:00,34.4,60.0,25.4,0.0,0.0,5.6,140.0,1011.96,13.0
48325,แม่สะเรียง,แม่ฮ่องสอน,18.16667,97.93333,2026-10-07T01:00:00,22.6,98.0,22.3,0.0,0.0,0.0,0.0,1015.62,6.0
48325,แม่สะเรียง,แม่ฮ่องสอน,18.16667,97.93333,2026-10-07T04:00:00,22.2,98.0,21.9,0.0,0.0,0.0,0.0,1015.42,5.0
48325,แม่สะเรียง,แม่ฮ่องสอน,18.16667,97.93333,2026-10-07T07:00:00,23.2,98.0,22.9,0.0,0.0,0.0,0.0,1016.96,4.0
48325,แม่สะเรียง,แม่ฮ่องสอน,18.16667,97.93333,2026-10-07T10:00:00,26.8,86.0,24.2,0.0,0.0,0.0,0.0,1017.61,9.0
48325,แม่สะเรียง,แม่ฮ่องสอน,18.16667,97.93333,2026-10-07T13:00:00,32.7,66.0,25.4,0.0,0.0,0.0,0.0,1013.78,10.0
48325,แม่สะเรียง,แม่ฮ่องสอน,18.16667,97.93333,2026-10-07T16:00:00,32.2,70.0,26.1,3.4,3.4,0.0,0.0,1011.55,10.0
48327,เชียงใหม่,เชียงใหม่,18.77111,98.9725,2026-10-07T01:00:00,25.5,86.0,23.0,0.0,0.0,0.0,0.0,1015.75,10.0
48327,เชียงใหม่,เชียงใหม่,18.77111,98.9725,2026-10-07T04:00:00,25.0,87.0,22.6,0.0,0.0,0.0,0.0,1014.98,10.0
48327,เชียงใหม่,เชียงใหม่,18.77111,98.9725,2026-10-07T07:00:00,24.9,87.0,22.5,0.0,0.0,0.0,0.0,1016.96,10.0
48327,เชียงใหม่,เชียงใหม่,18.77111,98.9725,2026-10-07T10:00:00,30.0,62.0,21.9,0.0,0.0,7.4,300.0,1017.47,10.0
48327,เชียงใหม่,เชียงใหม่,18.77111,98.9725,2026-10-07T13:00:00,33.4,49.0,21.1,0.0,0.0,5.6,170.0,1013.84,10.0
48327,เชียงใหม่,เชียงใหม่,18.77111,98.9725,2026-10-07T16:00:00,34.3,45.0,20.8,0.0,0.0,5.6,310.0,1011.55,10.0
48328,ลำปาง,ลำปาง,18.28333,99.51667,2026-10-07T01:00:00,23.1,96.0,22.3,0.0,24.7,0.0,0.0,1015.67,10.0
48328,ลำปาง,ลำปาง,18.28333,99.51667,2026-10-07T04:00:00,23.1,96.0,22.3,0.0,22.2,0.0,0.0,1015.21,10.0
48328,ลำปาง,ลำปาง,18.28333,99.51667,2026-10-07T07:00:00,23.0,96.0,22.4,0.0,22.2,0.0,0.0,1017.67,10.0
48328,ลำปาง,ลำปาง,18.28333,99.51667,2026-10-07T10:00:00,27.7,76.0,23.0,0.0,22.2,3.7,50.0,1017.83,10.0
48328,ลำปาง,ลำปาง,18.28333,99.51667,2026-10-07T13:00:00,30.8,64.0,23.1,0.0,22.2,1.9,160.0,1014.67,10.0
48328,ลำปาง,ลำปาง,18.28333,99.51667,2026-10-07T16:00:00,30.7,63.0,22.8,0.0,0.0,1.9,70.0,1012.49,10.0
48329,ลำพูน,ลำพูน,18.56667,99.03333,2026-10-07T01:00:00,26.6,89.0,24.6,0.0,0.0,7.4,210.0,1015.43,10.0
48329,ลำพูน,ลำพูน,18.56667,99.03333,2026-10-07T04:00:00,24.5,95.0,23.6,0.0,0.0,7.4,280.0,1015.46,10.0
48329,ลำพูน,ลำพูน,18.56667,99.03333,2026-10-07T07:00:00,24.5,90.0,22.7,0.0,0.0,7.4,300.0,1017.11,10.0
48329,ลำพูน,ลำพูน,18.56667,99.03333,2026-10-07T10:00:00,29.0,70.0,23.0,0.0,0.0,0.0,0.0,1017.14,10.0
48329,ลำพูน,ลำพูน,18.56667,99.03333,2026-10-07T13:00:00,31.7,60.0,23.0,0.0,0.0,0.0,0.0,1014.32,10.0
48329,ลำพูน,ลำพูน,18.56667,99.03333,2026-10-07T16:00:00,32.2,59.0,23.1,0.0,0.0,3.7,100.0,1012.14,10.0
48330,แพร่,แพร่,18.16667,100.16667,2026-10-07T01:00:00,24.1,99.0,23.9,0.0,21.2,0.0,0.0,1015.81,7.0
48330,แพร่,แพร่,18.16667,100.16667,2026-10-07T04:00:00,23.7,100.0,23.7,0.0,21.2,0.0,0.0,1015.19,6.0
48330,แพร่,แพร่,18.16667,100.16667,2026-10-07T07:00:00,23.7,100.0,23.7,0.0,21.2,0.0,0.0,1016.79,5.0
48330,แพร่,แพร่,18.16667,100.16667,2026-10-07T10:00:00,28.0,82.0,24.6,0.0,21.2,5.6,360.0,1017.62,8.0
48330,แพร่,แพร่,18.16667,100.16667,2026-10-07T13:00:00,31.7,67.0,24.9,0.0,21.2,7.4,30.0,1014.69,12.0
48330,แพร่,แพร่,18.16667,100.16667,2026-10-07T16:00:00,32.7,55.0,22.5,0.0,1.0,3.7,20.0,1011.17,12.0
48331,น่าน,น่าน,18.77972,100.77778,2026-10-07T01:00:00,23.3,100.0,23.3,0.2,47.6,0.0,0.0,1016.45,10.0
48331,น่าน,น่าน,18.77972,100.77778,2026-10-07T04:00:00,23.2,100.0,23.2,0.0,47.6,0.0,0.0,1015.82,10.0
48331,น่าน,น่าน,18.77972,100.77778,2026-10-07T07:00:00,23.5,100.0,23.5,0.0,47.6,0.0,0.0,1017.46,10.0
48331,น่าน,น่าน,18.77972,100.77778,2026-10-07T10:00:00,27.8,80.0,24.0,0.0,47.6,5.6,100.0,1018.29,10.0
48331,น่าน,น่าน,18.77972,100.77778,2026-10-07T13:00:00,31.9,63.0,24.0,0.0,47.6,9.3,210.0,1014.59,10.0
48331,น่าน,น่าน,18.77972,100.77778,2026-10-07T16:00:00,31.8,66.0,24.7,0.0,4.6,9.3,260.0,1012.58,10.0
48333,น่าน สกษ.,น่าน,18.86667,100.75,2026-10-07T01:00:00,22.8,96.0,22.2,0.0,30.2,0.0,0.0,1015.61,5.0
48333,น่าน สกษ.,น่าน,18.86667,100.75,2026-10-07T04:00:00,22.6,96.0,22.0,0.0,30.2,0.0,0.0,1014.85,5.0
48333,น่าน สกษ.,น่าน,18.86667,100.75,2026-10-07T07:00:00,23.4,96.0,22.6,0.0,30.2,0.0,0.0,1017.15,7.0
48333,น่าน สกษ.,น่าน,18.86667,100.75,2026-10-07T10:00:00,28.1,76.0,23.4,0.0,30.2,9.3,350.0,1018.24,12.0
48333,น่าน สกษ.,น่าน,18.86667,100.75,2026-10-07T13:00:00,30.2,66.0,23.1,0.0,30.2,0.0,0.0,1014.79,12.0
48333,น่าน สกษ.,น่าน,18.86667,100.75,2026-10-07T16:00:00,29.8,72.0,24.2,0.0,0.6,0.0,0.0,1012.64,12.0
48334,ลำปาง สกษ.,ลำปาง,18.31667,99.28333,2026-10-07T01:00:00,24.0,92.0,22.7,0.0,0.0,0.0,0.0,1016.01,8.0
48334,ลำปาง สกษ.,ลำปาง,18.31667,99.28333,2026-10-07T04:00:00,23.9,93.0,22.7,0.0,0.0,0.0,0.0,1015.37,7.0
48334,ลำปาง สกษ.,ลำปาง,18.31667,99.28333,2026-10-07T07:00:00,25.2,85.0,22.5,0.0,0.0,0.0,0.0,1017.14,6.0
48334,ลำปาง สกษ.,ลำปาง,18.31667,99.28333,2026-10-07T10:00:00,29.2,70.0,23.2,0.0,0.0,3.7,60.0,1017.58,10.0
48334,ลำปาง สกษ.,ลำปาง,18.31667,99.28333,2026-10-07T13:00:00,31.9,55.0,21.7,0.0,0.0,9.3,180.0,1014.41,10.0
48334,ลำปาง สกษ.,ลำปาง,18.31667,99.28333,2026-10-07T16:00:00,30.1,66.0,23.0,0.0,0.0,3.7,270.0,1012.29,10.0
48350,เลย สกษ.,เลย,17.4,101.73333,2026-10-07T01:00:00,24.5,98.0,24.2,0.0,34.8,3.7,310.0,1015.53,8.0
48350,เลย สกษ.,เลย,17.4,101.73333,2026-10-07T04:00:00,23.7,99.0,23.5,0.0,34.8,0.0,0.0,1014.86,8.0
48350,เลย สกษ.,เลย,17.4,101.73333,2026-10-07T07:00:00,24.2,99.0,24.0,0.0,4.4,0.0,0.0,1016.45,8.0
48350,เลย สกษ.,เลย,17.4,101.73333,2026-10-07T10:00:00,27.3,84.0,24.3,0.0,1.0,3.7,60.0,1017.58,12.0
48350,เลย สกษ.,เลย,17.4,101.73333,2026-10-07T13:00:00,29.3,67.0,22.5,0.0,0.0,7.4,140.0,1014.6,16.0
48350,เลย สกษ.,เลย,17.4,101.73333,2026-10-07T16:00:00,30.5,66.0,23.4,0.0,0.0,7.4,90.0,1012.43,16.0
48351,อุตรดิตถ์,อุตรดิตถ์,17.61667,100.1,2026-10-07T01:00:00,24.7,99.0,24.5,0.0,16.6,0.0,0.0,1015.79,6.0
48351,อุตรดิตถ์,อุตรดิตถ์,17.61667,100.1,2026-10-07T04:00:00,24.7,99.0,24.5,0.0,16.6,0.0,0.0,1014.76,6.0
48351,อุตรดิตถ์,อุตรดิตถ์,17.61667,100.1,2026-10-07T07:00:00,25.3,95.0,24.4,0.0,16.6,0.0,0.0,1016.12,5.0
48351,อุตรดิตถ์,อุตรดิตถ์,17.61667,100.1,2026-10-07T10:00:00,29.7,73.0,24.2,0.0,16.6,7.4,260.0,1016.75,8.0
48351,อุตรดิตถ์,อุตรดิตถ์,17.61667,100.1,2026-10-07T13:00:00,32.7,57.0,23.2,0.0,16.6,0.0,0.0,1012.44,8.0
48351,อุตรดิตถ์,อุตรดิตถ์,17.61667,100.1,2026-10-07T16:00:00,33.0,56.0,23.0,0.0,0.4,9.3,20.0,1010.69,8.0
48352,หนองคาย,หนองคาย,17.86511,102.74728,2026-10-07T01:00:00,26.6,84.0,23.7,0.0,0.0,1.9,20.0,1015.57,10.0
48352,หนองคาย,หนองคาย,17.86511,102.74728,2026-10-07T04:00:00,25.8,78.0,21.6,0.0,0.0,1.9,100.0,1014.95,10.0
48352,หนองคาย,หนองคาย,17.86511,102.74728,2026-10-07T07:00:00,25.1,80.0,21.5,0.0,0.0,3.7,120.0,1017.01,12.0
48352,หนองคาย,หนองคาย,17.86511,102.74728,2026-10-07T10:00:00,27.1,69.0,20.9,0.0,0.0,3.7,130.0,1018.42,10.0
48352,หนองคาย,หนองคาย,17.86511,102.74728,2026-10-07T13:00:00,31.0,61.0,22.5,0.0,0.0,7.4,70.0,1015.2,12.0
48352,หนองคาย,หนองคาย,17.86511,102.74728,2026-10-07T16:00:00,31.8,60.0,23.1,0.0,0.0,1.9,30.0,1013.12,12.0
48353,เลย,เลย,17.45,101.73333,2026-10-07T01:00:00,24.7,94.0,23.7,0.0,2.4,0.0,0.0,1012.6,10.0
48353,เลย,เลย,17.45,101.73333,2026-10-07T04:00:00,24.1,97.0,23.7,0.0,2.4,0.0,0.0,1013.48,10.0
48353,เลย,เลย,17.45,101.73333,2026-10-07T07:00:00,24.4,98.0,24.1,0.0,0.6,0.0,0.0,1015.4,11.0
48353,เลย,เลย,17.45,101.73333,2026-10-07T10:00:00,28.7,71.0,23.0,0.0,0.6,9.3,80.0,1016.34,10.0
48353,เลย,เลย,17.45,101.73333,2026-10-07T13:00:00,30.2,64.0,22.7,0.0,0.0,7.4,80.0,1013.2,12.0
48353,เลย,เลย,17.45,101.73333,2026-10-07T16:00:00,30.2,66.0,23.2,0.0,0.0,3.7,130.0,1011.15,12.0
48354,อุดรธานี,อุดรธานี,17.38333,102.8,2026-10-07T01:00:00,25.7,87.0,23.3,0.0,0.0,5.6,50.0,1016.84,12.0
48354,อุดรธานี,อุดรธานี,17.38333,102.8,2026-10-07T04:00:00,24.4,84.0,21.5,0.0,0.0,3.7,90.0,1016.15,12.0
48354,อุดรธานี,อุดรธานี,17.38333,102.8,2026-10-07T07:00:00,24.8,78.0,20.7,0.0,0.0,5.6,80.0,1018.5,12.0
48354,อุดรธานี,อุดรธานี,17.38333,102.8,2026-10-07T10:00:00,27.8,65.0,20.5,0.0,0.0,9.3,80.0,1019.32,13.0
48354,อุดรธานี,อุดรธานี,17.38333,102.8,2026-10-07T13:00:00,29.7,61.0,21.4,0.0,0.0,13.0,190.0,1016.29,13.0
48354,อุดรธานี,อุดรธานี,17.38333,102.8,2026-10-07T16:00:00,29.7,61.0,21.4,0.0,0.0,3.7,20.0,1014.33,13.0
48355,สกลนคร สกษ.,สกลนคร,17.12503,104.061,2026-10-07T01:00:00,21.9,99.0,21.7,0.0,0.0,0.0,0.0,1016.44,10.0
48355,สกลนคร สกษ.,สกลนคร,17.12503,104.061,2026-10-07T04:00:00,21.1,99.0,20.9,0.0,0.0,0.0,0.0,1015.99,10.0
48355,สกลนคร สกษ.,สกลนคร,17.12503,104.061,2026-10-07T07:00:00,21.8,99.0,21.6,0.0,0.0,0.0,0.0,1017.86,10.0
48355,สกลนคร สกษ.,สกลนคร,17.12503,104.061,2026-10-07T10:00:00,30.6,57.0,21.2,0.0,0.0,5.6,340.0,1017.44,12.0
48355,สกลนคร สกษ.,สกลนคร,17.12503,104.061,2026-10-07T13:00:00,32.1,55.0,22.0,0.0,0.0,0.0,0.0,1014.91,12.0
48355,สกลนคร สกษ.,สกลนคร,17.12503,104.061,2026-10-07T16:00:00,31.5,57.0,21.9,0.0,0.0,0.0,0.0,1012.83,12.0
48356,สกลนคร,สกลนคร,17.15,104.13333,2026-10-07T01:00:00,22.5,85.0,19.9,0.0,0.0,3.7,150.0,1015.99,10.0
48356,สกลนคร,สกลนคร,17.15,104.13333,2026-10-07T04:00:00,21.0,91.0,19.4,0.0,0.0,1.9,210.0,1015.4,10.0
48356,สกลนคร,สกลนคร,17.15,104.13333,2026-10-07T07:00:00,22.4,83.0,19.4,0.0,0.0,5.6,120.0,1017.35,10.0
48356,สกลนคร,สกลนคร,17.15,104.13333,2026-10-07T10:00:00,28.3,61.0,20.1,0.0,0.0,5.6,50.0,1017.32,12.0
48356,สกลนคร,สกลนคร,17.15,104.13333,2026-10-07T13:00:00,29.8,55.0,19.9,0.0,0.0,7.4,320.0,1014.49,12.0
48356,สกลนคร,สกลนคร,17.15,104.13333,2026-10-07T16:00:00,30.7,53.0,20.1,0.0,0.0,7.4,60.0,1012.54,12.0
48357,นครพนม,นครพนม,17.41083,104.7825,2026-10-07T01:00:00,25.0,76.0,20.4,0.0,0.0,0.0,0.0,1016.26,12.0
48357,นครพนม,นครพนม,17.41083,104.7825,2026-10-07T04:00:00,23.8,77.0,19.4,0.0,0.0,3.7,140.0,1015.7,12.0
48357,นครพนม,นครพนม,17.41083,104.7825,2026-10-07T07:00:00,23.0,89.0,21.2,0.0,0.0,0.0,0.0,1017.52,12.0
48357,นครพนม,นครพนม,17.41083,104.7825,2026-10-07T10:00:00,30.0,56.0,20.2,0.0,0.0,11.1,80.0,1018.04,13.0
48357,นครพนม,นครพนม,17.41083,104.7825,2026-10-07T13:00:00,33.2,52.0,21.9,0.0,0.0,9.3,100.0,1014.88,15.0
48357,นครพนม,นครพนม,17.41083,104.7825,2026-10-07T16:00:00,32.2,59.0,23.1,0.0,0.0,0.0,0.0,1012.83,15.0
48358,นครพนม สกษ.,นครพนม,17.44306,104.77361,2026-10-07T01:00:00,21.7,97.0,21.2,0.0,0.0,0.0,0.0,1017.08,10.0
48358,นครพนม สกษ.,นครพนม,17.44306,104.77361,2026-10-07T04:00:00,21.0,97.0,20.5,0.0,0.0,0.0,0.0,1016.2,10.0
48358,นครพนม สกษ.,นครพนม,17.44306,104.77361,2026-10-07T07:00:00,22.0,97.0,21.5,0.0,0.0,0.0,0.0,1018.05,12.0
48358,นครพนม สกษ.,นครพนม,17.44306,104.77361,2026-10-07T10:00:00,29.7,58.0,20.5,0.0,0.0,3.7,80.0,1017.96,14.0
48358,นครพนม สกษ.,นครพนม,17.44306,104.77361,2026-10-07T13:00:00,32.0,53.0,21.3,0.0,0.0,3.7,20.0,1015.1,14.0
48358,นครพนม สกษ.,นครพนม,17.44306,104.77361,2026-10-07T16:00:00,31.0,63.0,23.2,0.0,0.0,0.0,0.0,1013.07,14.0
48360,หนองบัวลำภู,หนองบัวลำภู,17.2325,102.42944,2026-10-07T01:00:00,22.9,91.0,21.4,0.0,15.9,0.0,0.0,1015.95,10.0
48360,หนองบัวลำภู,หนองบัวลำภู,17.2325,102.42944,2026-10-07T04:00:00,22.0,93.0,20.8,0.0,15.9,0.0,0.0,1014.52,10.0
48360,หนองบัวลำภู,หนองบัวลำภู,17.2325,102.42944,2026-10-07T07:00:00,23.9,88.0,21.8,0.0,0.4,0.0,0.0,1016.16,10.0
48360,หนองบัวลำภู,หนองบัวลำภู,17.2325,102.42944,2026-10-07T10:00:00,28.2,58.0,19.1,0.0,0.0,7.4,60.0,1016.99,10.0
48360,หนองบัวลำภู,หนองบัวลำภู,17.2325,102.42944,2026-10-07T13:00:00,29.5,55.0,19.4,0.0,0.0,0.0,0.0,1015.79,10.0
48360,หนองบัวลำภู,หนองบัวลำภู,17.2325,102.42944,2026-10-07T16:00:00,29.3,54.0,19.0,0.0,0.0,5.6,60.0,1012.41,10.0
48363,บึงกาฬ,บึงกาฬ,18.41361,103.51672,2026-10-07T01:00:00,24.2,81.0,20.7,0.0,0.0,9.3,90.0,1015.71,9.0
48363,บึงกาฬ,บึงกาฬ,18.41361,103.51672,2026-10-07T07:00:00,24.7,72.0,19.4,0.0,0.0,7.4,40.0,1017.21,9.0
48363,บึงกาฬ,บึงกาฬ,18.41361,103.51672,2026-10-07T10:00:00,28.5,59.0,19.6,0.0,0.0,3.7,60.0,1017.99,8.0
48363,บึงกาฬ,บึงกาฬ,18.41361,103.51672,2026-10-07T13:00:00,30.8,51.0,19.3,0.0,0.0,5.6,110.0,1014.99,8.0
48363,บึงกาฬ,บึงกาฬ,18.41361,103.51672,2026-10-07T16:00:00,31.5,48.0,19.1,0.0,0.0,11.1,140.0,1013.02,8.0
48372,สุโขทัย,สุโขทัย,17.10611,99.8,2026-10-07T01:00:00,24.9,89.0,23.0,0.0,10.1,9.3,290.0,1015.85,10.0
48372,สุโขทัย,สุโขทัย,17.10611,99.8,2026-10-07T04:00:00,24.9,92.0,23.4,0.0,10.1,3.7,320.0,1014.95,10.0
48372,สุโขทัย,สุโขทัย,17.10611,99.8,2026-10-07T07:00:00,24.9,91.0,23.3,0.0,10.1,3.7,310.0,1016.5,10.0
48372,สุโขทัย,สุโขทัย,17.10611,99.8,2026-10-07T10:00:00,28.3,86.0,25.8,0.0,10.1,5.6,20.0,1017.66,10.0
48372,สุโขทัย,สุโขทัย,17.10611,99.8,2026-10-07T13:00:00,32.7,68.0,26.0,0.0,0.2,5.6,340.0,1014.33,10.0
48372,สุโขทัย,สุโขทัย,17.10611,99.8,2026-10-07T16:00:00,31.8,59.0,22.8,0.0,0.2,5.6,200.0,1012.3,10.0
48373,ศรีสำโรง สกษ.,สุโขทัย,17.16136,99.86167,2026-10-07T01:00:00,24.4,91.0,22.8,0.0,9.8,0.0,0.0,1015.46,5.0
48373,ศรีสำโรง สกษ.,สุโขทัย,17.16136,99.86167,2026-10-07T04:00:00,24.3,91.0,22.8,0.0,9.4,0.0,0.0,1014.29,5.0
48373,ศรีสำโรง สกษ.,สุโขทัย,17.16136,99.86167,2026-10-07T07:00:00,24.2,92.0,22.9,0.0,9.4,0.0,0.0,1016.46,5.0
48373,ศรีสำโรง สกษ.,สุโขทัย,17.16136,99.86167,2026-10-07T10:00:00,27.3,78.0,23.2,0.0,5.2,0.0,0.0,1017.48,7.0
48373,ศรีสำโรง สกษ.,สุโขทัย,17.16136,99.86167,2026-10-07T13:00:00,32.1,60.0,23.3,0.0,0.0,0.0,0.0,1014.34,10.0
48373,ศรีสำโรง สกษ.,สุโขทัย,17.16136,99.86167,2026-10-07T16:00:00,30.8,64.0,23.3,0.0,0.0,0.0,0.0,1012.41,10.0
48374,หล่มสัก,เพชรบูรณ์,16.77361,101.24944,2026-10-07T01:00:00,25.3,94.0,24.3,0.0,0.2,0.0,0.0,1015.6,10.0
48374,หล่มสัก,เพชรบูรณ์,16.77361,101.24944,2026-10-07T04:00:00,25.3,92.0,24.0,0.0,0.2,0.0,0.0,1014.83,10.0
48374,หล่มสัก,เพชรบูรณ์,16.77361,101.24944,2026-10-07T07:00:00,25.2,88.0,23.1,0.0,0.2,0.0,0.0,1016.45,10.0
48374,หล่มสัก,เพชรบูรณ์,16.77361,101.24944,2026-10-07T10:00:00,29.5,71.0,23.7,0.0,0.2,5.6,140.0,1017.29,10.0
48374,หล่มสัก,เพชรบูรณ์,16.77361,101.24944,2026-10-07T13:00:00,30.7,64.0,23.1,0.0,0.2,0.0,0.0,1013.86,10.0
48374,หล่มสัก,เพชรบูรณ์,16.77361,101.24944,2026-10-07T16:00:00,29.3,72.0,23.8,0.0,0.2,3.7,310.0,1012.55,10.0
48375,แม่สอด,ตาก,16.65917,98.55083,2026-10-07T01:00:00,25.0,92.0,23.5,0.0,0.0,0.0,0.0,1013.55,9.0
48375,แม่สอด,ตาก,16.65917,98.55083,2026-10-07T04:00:00,24.5,91.0,23.0,0.0,0.0,0.0,0.0,1012.5,8.0
48375,แม่สอด,ตาก,16.65917,98.55083,2026-10-07T07:00:00,24.0,96.0,23.3,0.0,0.0,0.0,0.0,1014.41,8.0
48375,แม่สอด,ตาก,16.65917,98.55083,2026-10-07T10:00:00,29.0,68.0,22.4,0.0,0.0,9.3,60.0,1015.6,10.0
48375,แม่สอด,ตาก,16.65917,98.55083,2026-10-07T13:00:00,32.5,52.0,21.4,0.0,0.0,9.3,60.0,1012.15,10.0
48375,แม่สอด,ตาก,16.65917,98.55083,2026-10-07T16:00:00,33.5,50.0,21.8,0.0,0.0,0.0,0.0,1009.87,10.0
48376,ตาก,ตาก,16.87833,99.14333,2026-10-07T01:00:00,26.7,92.0,25.3,0.0,0.0,0.0,0.0,1016.1,8.0
48376,ตาก,ตาก,16.87833,99.14333,2026-10-07T04:00:00,26.0,94.0,25.0,0.0,0.0,0.0,0.0,1014.99,8.0
48376,ตาก,ตาก,16.87833,99.14333,2026-10-07T07:00:00,26.3,94.0,25.3,0.0,0.0,3.7,320.0,1016.79,8.0
48376,ตาก,ตาก,16.87833,99.14333,2026-10-07T10:00:00,30.0,78.0,25.8,0.0,0.0,5.6,250.0,1018.32,8.0
48376,ตาก,ตาก,16.87833,99.14333,2026-10-07T13:00:00,31.9,68.0,25.3,0.0,0.0,3.7,60.0,1014.92,8.0
48376,ตาก,ตาก,16.87833,99.14333,2026-10-07T16:00:00,32.4,70.0,26.3,0.0,0.0,0.0,0.0,1012.58,10.0
48377,เขื่อนภูมิพล,ตาก,17.24389,99.0025,2026-10-07T01:00:00,24.5,91.0,23.0,0.0,0.0,0.0,0.0,1016.13,7.0
48377,เขื่อนภูมิพล,ตาก,17.24389,99.0025,2026-10-07T04:00:00,23.8,94.0,22.8,0.0,0.0,0.0,0.0,1014.96,7.0
48377,เขื่อนภูมิพล,ตาก,17.24389,99.0025,2026-10-07T07:00:00,24.2,94.0,23.2,0.0,0.0,0.0,0.0,1017.01,7.0
48377,เขื่อนภูมิพล,ตาก,17.24389,99.0025,2026-10-07T10:00:00,29.3,78.0,25.0,0.0,0.0,0.0,0.0,1017.6,7.0
48377,เขื่อนภูมิพล,ตาก,17.24389,99.0025,2026-10-07T13:00:00,32.1,74.0,26.8,0.0,0.0,0.0,0.0,1014.16,7.0
48378,พิษณุโลก,พิษณุโลก,16.79481,100.2793,2026-10-07T01:00:00,25.1,97.0,24.5,0.0,22.0,3.7,310.0,1015.66,10.0
48378,พิษณุโลก,พิษณุโลก,16.79481,100.2793,2026-10-07T04:00:00,24.6,97.0,24.0,0.0,22.0,0.0,0.0,1014.51,10.0
48378,พิษณุโลก,พิษณุโลก,16.79481,100.2793,2026-10-07T07:00:00,24.9,97.0,24.3,0.2,22.2,3.7,310.0,1015.88,10.0
48378,พิษณุโลก,พิษณุโลก,16.79481,100.2793,2026-10-07T10:00:00,29.6,81.0,25.9,0.0,11.6,9.3,320.0,1017.31,10.0
48378,พิษณุโลก,พิษณุโลก,16.79481,100.2793,2026-10-07T13:00:00,31.6,68.0,24.9,0.0,5.2,5.6,260.0,1014.06,10.0
48378,พิษณุโลก,พิษณุโลก,16.79481,100.2793,2026-10-07T16:00:00,26.9,96.0,26.2,33.4,38.6,14.8,70.0,1013.22,10.0
48379,เพชรบูรณ์,เพชรบูรณ์,16.43333,101.15,2026-10-07T01:00:00,25.0,92.0,23.5,0.0,6.8,0.0,0.0,1013.94,10.0
48379,เพชรบูรณ์,เพชรบูรณ์,16.43333,101.15,2026-10-07T04:00:00,25.0,92.0,23.5,0.0,6.8,0.0,0.0,1012.97,10.0
48379,เพชรบูรณ์,เพชรบูรณ์,16.43333,101.15,2026-10-07T07:00:00,25.0,96.0,24.3,0.0,6.8,0.0,0.0,1014.76,10.0
48379,เพชรบูรณ์,เพชรบูรณ์,16.43333,101.15,2026-10-07T10:00:00,30.5,72.0,24.8,0.0,6.8,0.0,0.0,1014.25,10.0
48379,เพชรบูรณ์,เพชรบูรณ์,16.43333,101.15,2026-10-07T13:00:00,33.0,64.0,25.3,0.0,6.8,0.0,0.0,1012.14,10.0
48379,เพชรบูรณ์,เพชรบูรณ์,16.43333,101.15,2026-10-07T16:00:00,30.8,72.0,25.1,0.0,0.4,0.0,0.0,1011.14,10.0
48380,กำแพงเพชร,กำแพงเพชร,16.48681,99.52697,2026-10-07T01:00:00,35.5,95.0,34.6,0.0,7.2,0.0,0.0,1015.31,10.0
48380,กำแพงเพชร,กำแพงเพชร,16.48681,99.52697,2026-10-07T04:00:00,25.3,95.0,24.4,0.0,5.2,0.0,0.0,1014.77,10.0
48380,กำแพงเพชร,กำแพงเพชร,16.48681,99.52697,2026-10-07T07:00:00,25.1,97.0,24.5,0.0,4.7,0.0,0.0,1016.12,12.0
48380,กำแพงเพชร,กำแพงเพชร,16.48681,99.52697,2026-10-07T10:00:00,29.2,77.0,24.8,0.0,4.7,0.0,0.0,1017.44,12.0
48380,กำแพงเพชร,กำแพงเพชร,16.48681,99.52697,2026-10-07T13:00:00,31.3,70.0,25.2,0.0,4.7,0.0,0.0,1014.12,12.0
48380,กำแพงเพชร,กำแพงเพชร,16.48681,99.52697,2026-10-07T16:00:00,32.0,61.0,23.7,0.0,4.7,0.0,0.0,1012.17,12.0
48381,ขอนแก่น,ขอนแก่น,16.46111,102.78972,2026-10-07T01:00:00,24.3,81.0,20.8,0.0,0.0,3.7,30.0,1017.84,10.0
48381,ขอนแก่น,ขอนแก่น,16.46111,102.78972,2026-10-07T04:00:00,24.2,82.0,20.8,0.0,0.0,0.0,0.0,1016.49,10.0
48381,ขอนแก่น,ขอนแก่น,16.46111,102.78972,2026-10-07T07:00:00,25.8,78.0,21.6,0.0,0.0,0.0,0.0,1018.22,10.0
48381,ขอนแก่น,ขอนแก่น,16.46111,102.78972,2026-10-07T10:00:00,31.8,67.0,25.0,0.0,0.0,3.7,20.0,1019.43,10.0
48381,ขอนแก่น,ขอนแก่น,16.46111,102.78972,2026-10-07T13:00:00,32.3,71.0,26.3,0.0,0.0,5.6,60.0,1015.67,10.0
48381,ขอนแก่น,ขอนแก่น,16.46111,102.78972,2026-10-07T16:00:00,34.0,56.0,24.0,0.0,0.0,3.7,30.0,1014.01,10.0
48382,มหาสารคาม,มหาสารคาม,16.24722,103.06805,2026-10-07T01:00:00,24.7,82.0,21.4,0.0,0.0,3.7,100.0,1016.5,10.0
48382,มหาสารคาม,มหาสารคาม,16.24722,103.06805,2026-10-07T04:00:00,23.1,90.0,21.4,0.0,0.0,3.7,80.0,1016.06,10.0
48382,มหาสารคาม,มหาสารคาม,16.24722,103.06805,2026-10-07T07:00:00,24.1,86.0,21.7,0.0,0.0,0.0,0.0,1017.7,10.0
48382,มหาสารคาม,มหาสารคาม,16.24722,103.06805,2026-10-07T10:00:00,28.7,59.0,20.0,0.0,0.0,3.7,20.0,1018.11,10.0
48382,มหาสารคาม,มหาสารคาม,16.24722,103.06805,2026-10-07T13:00:00,31.5,52.0,20.6,0.0,0.0,3.7,30.0,1015.3,10.0
48382,มหาสารคาม,มหาสารคาม,16.24722,103.06805,2026-10-07T16:00:00,31.7,49.0,19.5,0.0,0.0,3.7,20.0,1013.21,10.0
48383,มุกดาหาร,มุกดาหาร,16.54139,104.72889,2026-10-07T01:00:00,24.0,75.0,19.3,0.0,0.0,0.0,0.0,1015.62,10.0
48383,มุกดาหาร,มุกดาหาร,16.54139,104.72889,2026-10-07T04:00:00,23.5,79.0,19.6,0.0,0.0,0.0,0.0,1015.07,10.0
48383,มุกดาหาร,มุกดาหาร,16.54139,104.72889,2026-10-07T07:00:00,22.8,84.0,20.0,0.0,0.0,0.0,0.0,1017.16,10.0
48383,มุกดาหาร,มุกดาหาร,16.54139,104.72889,2026-10-07T10:00:00,29.5,61.0,21.3,0.0,0.0,7.4,30.0,1016.51,10.0
48383,มุกดาหาร,มุกดาหาร,16.54139,104.72889,2026-10-07T13:00:00,32.6,52.0,21.4,0.0,0.0,0.0,0.0,1013.98,10.0
48383,มุกดาหาร,มุกดาหาร,16.54139,104.72889,2026-10-07T16:00:00,31.8,53.0,20.9,0.0,0.0,0.0,0.0,1011.75,10.0
48384,ท่าพระ สกษ.,ขอนแก่น,16.33333,102.81667,2026-10-07T01:00:00,23.0,98.0,22.7,0.0,0.0,0.0,0.0,1014.93,8.0
48384,ท่าพระ สกษ.,ขอนแก่น,16.33333,102.81667,2026-10-07T04:00:00,22.1,98.0,21.8,0.0,0.0,0.0,0.0,1014.59,8.0
48384,ท่าพระ สกษ.,ขอนแก่น,16.33333,102.81667,2026-10-07T07:00:00,22.1,99.0,21.9,0.0,0.0,0.0,0.0,1016.51,7.0
48384,ท่าพระ สกษ.,ขอนแก่น,16.33333,102.81667,2026-10-07T10:00:00,29.5,76.0,24.8,0.0,0.0,0.0,0.0,1014.98,9.0
48384,ท่าพระ สกษ.,ขอนแก่น,16.33333,102.81667,2026-10-07T13:00:00,31.6,62.0,23.5,0.0,0.0,0.0,0.0,1015.2,9.0
48384,ท่าพระ สกษ.,ขอนแก่น,16.33333,102.81667,2026-10-07T16:00:00,31.6,55.0,21.4,0.0,0.0,0.0,0.0,1011.65,9.0
48385,อุ้มผาง,ตาก,16.02472,98.86444,2026-10-07T01:00:00,23.1,94.0,22.0,0.0,3.5,0.0,0.0,1014.5,8.0
48385,อุ้มผาง,ตาก,16.02472,98.86444,2026-10-07T04:00:00,22.6,95.0,21.7,0.0,0.0,0.0,0.0,1013.61,8.0
48385,อุ้มผาง,ตาก,16.02472,98.86444,2026-10-07T07:00:00,22.5,94.0,21.4,0.0,0.0,0.0,0.0,1015.15,0.9
48385,อุ้มผาง,ตาก,16.02472,98.86444,2026-10-07T10:00:00,25.8,81.0,22.2,0.0,0.0,5.6,340.0,1009.38,9.0
48385,อุ้มผาง,ตาก,16.02472,98.86444,2026-10-07T13:00:00,30.7,61.0,22.3,0.0,0.0,9.3,130.0,1012.08,9.0
48385,อุ้มผาง,ตาก,16.02472,98.86444,2026-10-07T16:00:00,25.4,80.0,21.6,5.2,5.2,3.7,70.0,1011.66,8.0
48386,พิจิตร สกษ.,พิจิตร,16.33878,100.36711,2026-10-07T01:00:00,25.8,99.0,25.6,0.0,9.1,7.4,330.0,1013.2,6.0
48386,พิจิตร สกษ.,พิจิตร,16.33878,100.36711,2026-10-07T04:00:00,25.8,99.0,25.6,0.0,9.1,0.0,0.0,1012.91,6.0
48386,พิจิตร สกษ.,พิจิตร,16.33878,100.36711,2026-10-07T07:00:00,26.2,99.0,26.0,0.0,4.7,1.9,300.0,1014.34,7.0
48386,พิจิตร สกษ.,พิจิตร,16.33878,100.36711,2026-10-07T10:00:00,29.8,86.0,27.2,0.0,4.7,5.6,250.0,1013.94,6.0
48386,พิจิตร สกษ.,พิจิตร,16.33878,100.36711,2026-10-07T13:00:00,31.7,68.0,25.0,0.0,4.7,5.6,240.0,1012.87,6.0
48386,พิจิตร สกษ.,พิจิตร,16.33878,100.36711,2026-10-07T16:00:00,28.8,78.0,24.5,0.0,0.1,5.6,80.0,1011.05,6.0
48387,ดอยมูเซอร์ สกษ.,ตาก,16.75,98.93333,2026-10-07T01:00:00,21.5,94.0,20.4,0.0,12.8,7.4,90.0,1015.9,2.0
48387,ดอยมูเซอร์ สกษ.,ตาก,16.75,98.93333,2026-10-07T04:00:00,20.9,93.0,19.8,0.0,12.8,7.4,50.0,1014.1,3.0
48387,ดอยมูเซอร์ สกษ.,ตาก,16.75,98.93333,2026-10-07T07:00:00,20.8,93.0,19.7,0.0,12.8,9.3,30.0,1017.24,2.0
48387,ดอยมูเซอร์ สกษ.,ตาก,16.75,98.93333,2026-10-07T10:00:00,23.0,85.0,20.4,0.0,12.8,0.0,0.0,1017.38,6.0
48387,ดอยมูเซอร์ สกษ.,ตาก,16.75,98.93333,2026-10-07T13:00:00,25.1,77.0,20.8,0.0,12.8,7.4,50.0,1014.1,9.0
48387,ดอยมูเซอร์ สกษ.,ตาก,16.75,98.93333,2026-10-07T16:00:00,26.2,73.0,20.9,0.0,12.8,0.0,0.0,1011.89,9.0
48390,กาฬสินธุ์,กาฬสินธุ์,16.33203,103.58753,2026-10-07T01:00:00,22.9,90.0,21.2,0.0,0.0,0.0,0.0,1015.94,8.0
48390,กาฬสินธุ์,กาฬสินธุ์,16.33203,103.58753,2026-10-07T04:00:00,21.4,96.0,20.8,0.0,0.0,0.0,0.0,1015.71,8.0
48390,กาฬสินธุ์,กาฬสินธุ์,16.33203,103.58753,2026-10-07T07:00:00,23.5,86.0,21.1,0.0,0.0,0.0,0.0,1012.09,9.0
48390,กาฬสินธุ์,กาฬสินธุ์,16.33203,103.58753,2026-10-07T10:00:00,29.8,63.0,22.0,0.0,0.0,9.3,70.0,1016.79,10.0
48390,กาฬสินธุ์,กาฬสินธุ์,16.33203,103.58753,2026-10-07T13:00:00,32.0,53.0,21.3,0.0,0.0,5.6,100.0,1014.03,10.0
48390,กาฬสินธุ์,กาฬสินธุ์,16.33203,103.58753,2026-10-07T16:00:00,31.1,60.0,22.5,0.0,0.0,5.6,60.0,1012.08,10.0
48391,อำนาจเจริญ,อำนาจเจริญ,15.90375,104.61805,2026-10-07T01:00:00,23.0,85.0,20.4,0.0,0.0,9.3,30.0,1015.82,10.0
48391,อำนาจเจริญ,อำนาจเจริญ,15.90375,104.61805,2026-10-07T04:00:00,22.5,87.0,20.2,0.0,0.0,5.6,40.0,1015.25,10.0
48391,อำนาจเจริญ,อำนาจเจริญ,15.90375,104.61805,2026-10-07T07:00:00,22.5,87.0,20.2,0.0,0.0,5.6,50.0,1016.98,10.0
48391,อำนาจเจริญ,อำนาจเจริญ,15.90375,104.61805,2026-10-07T10:00:00,28.0,64.0,20.6,0.0,0.0,9.3,60.0,1017.17,10.0
48391,อำนาจเจริญ,อำนาจเจริญ,15.90375,104.61805,2026-10-07T13:00:00,30.1,62.0,22.1,0.0,0.0,9.3,60.0,1014.4,10.0
48391,อำนาจเจริญ,อำนาจเจริญ,15.90375,104.61805,2026-10-07T16:00:00,29.5,67.0,22.8,0.0,0.0,0.0,0.0,1012.48,10.0
48400,นครสวรรค์,นครสวรรค์,15.67183,100.13236,2026-10-07T01:00:00,26.1,99.0,25.9,0.0,16.2,0.0,0.0,1014.8,7.0
48400,นครสวรรค์,นครสวรรค์,15.67183,100.13236,2026-10-07T04:00:00,25.8,99.0,25.6,0.0,9.8,0.0,0.0,1014.4,7.0
48400,นครสวรรค์,นครสวรรค์,15.67183,100.13236,2026-10-07T07:00:00,26.0,95.0,25.1,0.0,9.6,5.6,330.0,1015.82,8.0
48400,นครสวรรค์,นครสวรรค์,15.67183,100.13236,2026-10-07T10:00:00,30.7,78.0,26.5,0.0,0.2,0.0,0.0,1017.4,8.0
48400,นครสวรรค์,นครสวรรค์,15.67183,100.13236,2026-10-07T13:00:00,33.3,67.0,26.4,0.0,0.0,0.0,0.0,1014.61,10.0
48400,นครสวรรค์,นครสวรรค์,15.67183,100.13236,2026-10-07T16:00:00,33.9,65.0,26.3,0.0,0.0,0.0,0.0,1012.48,10.0
48401,ตากฟ้า สกษ.,นครสวรรค์,15.34944,100.53028,2026-10-07T01:00:00,25.5,98.0,25.2,0.0,3.2,9.3,30.0,1015.6,6.0
48401,ตากฟ้า สกษ.,นครสวรรค์,15.34944,100.53028,2026-10-07T04:00:00,25.1,97.0,24.7,0.0,3.2,7.4,140.0,1015.0,6.0
48401,ตากฟ้า สกษ.,นครสวรรค์,15.34944,100.53028,2026-10-07T07:00:00,25.7,98.0,25.4,0.0,3.2,9.3,40.0,1016.64,8.0
48401,ตากฟ้า สกษ.,นครสวรรค์,15.34944,100.53028,2026-10-07T10:00:00,30.7,65.0,23.5,0.0,3.2,5.6,70.0,1017.75,9.0
48401,ตากฟ้า สกษ.,นครสวรรค์,15.34944,100.53028,2026-10-07T13:00:00,32.0,60.0,23.3,0.0,3.2,5.6,70.0,1014.98,9.0
48401,ตากฟ้า สกษ.,นครสวรรค์,15.34944,100.53028,2026-10-07T16:00:00,31.5,65.0,24.0,0.0,3.2,0.0,0.0,1012.91,9.0
48402,ชัยนาท สกษ.,ชัยนาท,15.15,100.18333,2026-10-07T01:00:00,26.1,92.0,24.7,0.0,1.0,0.0,0.0,1014.75,9.0
48402,ชัยนาท สกษ.,ชัยนาท,15.15,100.18333,2026-10-07T04:00:00,26.0,93.0,24.7,0.0,0.2,7.4,40.0,1014.23,9.0
48402,ชัยนาท สกษ.,ชัยนาท,15.15,100.18333,2026-10-07T07:00:00,26.7,90.0,25.0,0.0,0.0,3.7,50.0,1015.9,10.0
48402,ชัยนาท สกษ.,ชัยนาท,15.15,100.18333,2026-10-07T10:00:00,30.3,68.0,23.7,0.0,0.0,3.7,70.0,1017.25,12.0
48402,ชัยนาท สกษ.,ชัยนาท,15.15,100.18333,2026-10-07T13:00:00,32.2,59.0,23.1,0.0,0.0,5.6,110.0,1014.56,12.0
48402,ชัยนาท สกษ.,ชัยนาท,15.15,100.18333,2026-10-07T16:00:00,32.3,70.0,26.0,0.0,0.0,3.7,50.0,1012.54,12.0
48403,ชัยภูมิ,ชัยภูมิ,15.8,102.03333,2026-10-07T01:00:00,26.5,83.0,23.4,0.0,0.0,7.4,80.0,1015.07,10.0
48403,ชัยภูมิ,ชัยภูมิ,15.8,102.03333,2026-10-07T04:00:00,25.0,83.0,22.0,0.0,0.0,9.3,50.0,1014.54,10.0
48403,ชัยภูมิ,ชัยภูมิ,15.8,102.03333,2026-10-07T07:00:00,24.9,77.0,20.6,0.0,0.0,7.4,40.0,1016.36,10.0
48403,ชัยภูมิ,ชัยภูมิ,15.8,102.03333,2026-10-07T10:00:00,29.4,59.0,20.7,0.0,0.0,13.0,60.0,1016.95,10.0
48403,ชัยภูมิ,ชัยภูมิ,15.8,102.03333,2026-10-07T13:00:00,31.2,59.0,22.2,0.0,0.0,5.6,30.0,1013.79,10.0
48403,ชัยภูมิ,ชัยภูมิ,15.8,102.03333,2026-10-07T16:00:00,32.1,53.0,21.4,0.0,0.0,5.6,50.0,1011.89,10.0
48404,ร้อยเอ็ด สกษ.,ร้อยเอ็ด,16.07322,103.60844,2026-10-07T01:00:00,23.4,94.0,22.3,0.0,0.0,5.6,70.0,1015.48,10.0
48404,ร้อยเอ็ด สกษ.,ร้อยเอ็ด,16.07322,103.60844,2026-10-07T04:00:00,21.8,98.0,21.5,0.0,0.0,0.0,0.0,1015.3,10.0
48404,ร้อยเอ็ด สกษ.,ร้อยเอ็ด,16.07322,103.60844,2026-10-07T07:00:00,22.8,90.0,21.1,0.0,0.0,9.3,60.0,1016.98,10.0
48404,ร้อยเอ็ด สกษ.,ร้อยเอ็ด,16.07322,103.60844,2026-10-07T10:00:00,28.5,67.0,21.8,0.0,0.0,14.8,70.0,1016.7,10.0
48404,ร้อยเอ็ด สกษ.,ร้อยเอ็ด,16.07322,103.60844,2026-10-07T13:00:00,30.5,65.0,23.2,0.0,0.0,3.7,10.0,1013.71,10.0
48404,ร้อยเอ็ด สกษ.,ร้อยเอ็ด,16.07322,103.60844,2026-10-07T16:00:00,30.5,65.0,23.2,0.0,0.0,3.7,350.0,1012.05,10.0
48405,ร้อยเอ็ด,ร้อยเอ็ด,16.02,103.74389,2026-10-07T01:00:00,24.1,85.0,21.4,0.0,0.0,7.4,90.0,1015.1,10.0
48405,ร้อยเอ็ด,ร้อยเอ็ด,16.02,103.74389,2026-10-07T04:00:00,22.6,85.0,20.0,0.0,0.0,0.0,0.0,1014.74,10.0
48405,ร้อยเอ็ด,ร้อยเอ็ด,16.02,103.74389,2026-10-07T07:00:00,22.5,85.0,19.9,0.0,0.0,0.0,0.0,1016.78,10.0
48405,ร้อยเอ็ด,ร้อยเอ็ด,16.02,103.74389,2026-10-07T10:00:00,29.3,61.0,21.1,0.0,0.0,9.3,80.0,1016.63,10.0
48405,ร้อยเอ็ด,ร้อยเอ็ด,16.02,103.74389,2026-10-07T13:00:00,31.7,57.0,22.2,0.0,0.0,7.4,70.0,1013.67,10.0
48405,ร้อยเอ็ด,ร้อยเอ็ด,16.02,103.74389,2026-10-07T16:00:00,31.3,56.0,21.5,0.0,0.0,0.0,0.0,1011.94,10.0
48406,ยโสธร,ตาดทอง,15.79494,104.21436,2026-10-07T01:00:00,23.4,73.0,18.3,0.0,0.0,9.3,90.0,1014.64,10.0
48406,ยโสธร,ตาดทอง,15.79494,104.21436,2026-10-07T04:00:00,22.6,66.0,16.0,0.0,0.0,7.4,70.0,1014.42,10.0
48406,ยโสธร,ตาดทอง,15.79494,104.21436,2026-10-07T07:00:00,23.6,59.0,15.1,0.0,0.0,3.7,80.0,1015.98,10.0
48406,ยโสธร,ตาดทอง,15.79494,104.21436,2026-10-07T10:00:00,28.6,43.0,15.0,0.0,0.0,5.6,40.0,1017.04,10.0
48406,ยโสธร,ตาดทอง,15.79494,104.21436,2026-10-07T13:00:00,31.5,41.0,16.8,0.0,0.0,9.3,250.0,1013.78,10.0
48406,ยโสธร,ตาดทอง,15.79494,104.21436,2026-10-07T16:00:00,31.4,40.0,16.1,0.0,0.0,7.4,50.0,1011.97,10.0
48407,อุบลราชธานี (ศูนย์ฯ),อุบลราชธานี,15.25,104.86667,2026-10-07T01:00:00,24.3,80.0,20.6,0.0,6.2,7.4,330.0,1015.29,10.0
48407,อุบลราชธานี (ศูนย์ฯ),อุบลราชธานี,15.25,104.86667,2026-10-07T04:00:00,22.8,84.0,20.0,0.0,6.2,3.7,30.0,1014.41,10.0
48407,อุบลราชธานี (ศูนย์ฯ),อุบลราชธานี,15.25,104.86667,2026-10-07T07:00:00,23.3,83.0,20.2,0.0,6.2,5.6,20.0,1016.48,10.0
48407,อุบลราชธานี (ศูนย์ฯ),อุบลราชธานี,15.25,104.86667,2026-10-07T10:00:00,29.0,65.0,21.7,0.0,6.2,11.1,40.0,1016.51,10.0
48407,อุบลราชธานี (ศูนย์ฯ),อุบลราชธานี,15.25,104.86667,2026-10-07T13:00:00,31.4,59.0,22.3,0.0,0.8,9.3,40.0,1013.71,10.0
48407,อุบลราชธานี (ศูนย์ฯ),อุบลราชธานี,15.25,104.86667,2026-10-07T16:00:00,31.8,57.0,22.3,0.0,0.0,13.0,30.0,1011.67,10.0
48408,อุบลราชธานี สกษ.,อุบลราชธานี,15.23914,105.0235,2026-10-07T01:00:00,23.3,90.0,21.6,0.0,4.4,3.7,10.0,1015.25,10.0
48408,อุบลราชธานี สกษ.,อุบลราชธานี,15.23914,105.0235,2026-10-07T04:00:00,22.6,94.0,21.5,0.0,4.4,3.7,20.0,1014.42,10.0
48408,อุบลราชธานี สกษ.,อุบลราชธานี,15.23914,105.0235,2026-10-07T07:00:00,23.4,91.0,21.9,0.0,4.4,11.1,20.0,1016.35,10.0
48408,อุบลราชธานี สกษ.,อุบลราชธานี,15.23914,105.0235,2026-10-07T10:00:00,28.2,75.0,23.2,0.0,4.4,16.7,320.0,1016.68,10.0
48408,อุบลราชธานี สกษ.,อุบลราชธานี,15.23914,105.0235,2026-10-07T13:00:00,31.2,64.0,23.6,0.0,0.0,3.7,30.0,1014.0,10.0
48408,อุบลราชธานี สกษ.,อุบลราชธานี,15.23914,105.0235,2026-10-07T16:00:00,31.7,64.0,24.0,0.0,0.0,13.0,20.0,1011.91,10.0
48409,ศรีสะเกษ,ศรีสะเกษ,15.0,104.05,2026-10-07T01:00:00,25.0,83.0,22.0,0.0,0.0,3.7,30.0,1015.25,10.0
48409,ศรีสะเกษ,ศรีสะเกษ,15.0,104.05,2026-10-07T04:00:00,23.7,85.0,21.0,0.0,0.0,5.6,40.0,1014.84,10.0
48409,ศรีสะเกษ,ศรีสะเกษ,15.0,104.05,2026-10-07T07:00:00,24.0,83.0,20.9,0.0,0.0,7.4,90.0,1016.14,10.0
48409,ศรีสะเกษ,ศรีสะเกษ,15.0,104.05,2026-10-07T10:00:00,29.0,64.0,21.6,0.0,0.0,3.7,40.0,1016.96,10.0
48409,ศรีสะเกษ,ศรีสะเกษ,15.0,104.05,2026-10-07T13:00:00,31.6,59.0,22.7,0.0,0.0,0.0,0.0,1014.07,10.0
48409,ศรีสะเกษ,ศรีสะเกษ,15.0,104.05,2026-10-07T16:00:00,31.6,59.0,22.5,0.0,0.0,0.0,0.0,1011.72,10.0
48410,อุทัยธานี,อุทัยธานี,15.37417,100.03889,2026-10-07T01:00:00,27.8,86.0,25.2,0.0,46.3,0.0,0.0,1014.58,10.0
48410,อุทัยธานี,อุทัยธานี,15.37417,100.03889,2026-10-07T04:00:00,26.5,92.0,25.1,0.0,12.3,0.0,0.0,1014.68,10.0
48410,อุทัยธานี,อุทัยธานี,15.37417,100.03889,2026-10-07T07:00:00,25.9,92.0,24.4,0.0,11.4,5.6,320.0,1016.03,10.0
48410,อุทัยธานี,อุทัยธานี,15.37417,100.03889,2026-10-07T10:00:00,29.2,78.0,24.9,0.0,3.9,0.0,0.0,1017.03,10.0
48410,อุทัยธานี,อุทัยธานี,15.37417,100.03889,2026-10-07T13:00:00,28.5,81.0,24.9,4.1,4.1,0.0,0.0,1015.16,10.0
48410,อุทัยธานี,อุทัยธานี,15.37417,100.03889,2026-10-07T16:00:00,31.2,74.0,26.0,0.0,4.1,0.0,0.0,1013.05,10.0
48413,วิเชียรบุรี,เพชรบูรณ์,15.657,101.108,2026-10-07T01:00:00,26.1,85.0,23.3,0.0,0.01,0.0,0.0,1014.38,6.0
48413,วิเชียรบุรี,เพชรบูรณ์,15.657,101.108,2026-10-07T04:00:00,25.6,86.0,23.1,0.0,0.01,0.0,0.0,1013.99,5.0
48413,วิเชียรบุรี,เพชรบูรณ์,15.657,101.108,2026-10-07T07:00:00,25.8,87.0,23.5,0.0,0.01,0.0,0.0,1015.59,8.0
48413,วิเชียรบุรี,เพชรบูรณ์,15.657,101.108,2026-10-07T10:00:00,31.5,54.0,21.1,0.0,0.01,3.7,290.0,1005.87,10.0
48413,วิเชียรบุรี,เพชรบูรณ์,15.657,101.108,2026-10-07T13:00:00,33.8,46.0,20.7,0.0,0.01,3.7,40.0,1002.41,10.0
48413,วิเชียรบุรี,เพชรบูรณ์,15.657,101.108,2026-10-07T16:00:00,33.0,51.0,21.5,0.0,0.0,0.0,0.0,1011.53,10.0
48415,พระนครศรีอยุธยา,พระนครศรีอยุธยา,14.53472,100.725,2026-10-07T01:00:00,26.1,99.0,25.9,0.8,0.8,0.0,0.0,1013.93,6.0
48415,พระนครศรีอยุธยา,พระนครศรีอยุธยา,14.53472,100.725,2026-10-07T04:00:00,25.8,99.0,25.6,0.0,0.8,0.0,0.0,1013.38,6.0
48415,พระนครศรีอยุธยา,พระนครศรีอยุธยา,14.53472,100.725,2026-10-07T07:00:00,26.6,99.0,26.5,0.0,0.8,18.5,140.0,1014.98,8.0
48415,พระนครศรีอยุธยา,พระนครศรีอยุธยา,14.53472,100.725,2026-10-07T10:00:00,32.0,67.0,25.1,0.0,0.8,1.9,60.0,1016.95,10.0
48415,พระนครศรีอยุธยา,พระนครศรีอยุธยา,14.53472,100.725,2026-10-07T13:00:00,34.7,60.0,25.8,0.0,0.8,5.6,60.0,1014.34,9.0
48415,พระนครศรีอยุธยา,พระนครศรีอยุธยา,14.53472,100.725,2026-10-07T16:00:00,33.2,63.0,25.3,0.0,0.8,9.3,220.0,1011.16,9.0
48416,ท่าตูม,สุรินทร์,15.31667,103.68333,2026-10-07T01:00:00,25.1,84.0,22.3,0.0,0.0,1.9,90.0,1015.4,8.0
48416,ท่าตูม,สุรินทร์,15.31667,103.68333,2026-10-07T04:00:00,25.5,95.0,24.6,0.0,0.0,3.7,230.0,1008.98,7.0
48416,ท่าตูม,สุรินทร์,15.31667,103.68333,2026-10-07T07:00:00,24.4,86.0,21.8,0.0,0.0,11.1,40.0,1016.9,9.0
48416,ท่าตูม,สุรินทร์,15.31667,103.68333,2026-10-07T10:00:00,28.8,68.0,22.3,0.0,0.0,7.4,100.0,1017.37,9.0
48416,ท่าตูม,สุรินทร์,15.31667,103.68333,2026-10-07T13:00:00,30.5,63.0,22.6,0.0,0.0,7.4,110.0,1014.43,9.0
48416,ท่าตูม,สุรินทร์,15.31667,103.68333,2026-10-07T16:00:00,30.8,64.0,23.3,0.0,0.0,7.4,30.0,1012.63,9.0
48417,นครนายก,นครนายก,14.21667,101.38333,2026-10-07T01:00:00,20.1,99.0,19.9,0.0,24.0,3.7,50.0,1013.71,8.0
48417,นครนายก,นครนายก,14.21667,101.38333,2026-10-07T04:00:00,19.6,99.0,19.4,2.0,26.0,16.7,20.0,1013.23,8.0
48417,นครนายก,นครนายก,14.21667,101.38333,2026-10-07T07:00:00,20.0,99.0,19.8,0.0,26.0,7.4,320.0,1014.69,8.0
48417,นครนายก,นครนายก,14.21667,101.38333,2026-10-07T10:00:00,24.0,77.0,19.8,0.0,26.0,0.0,0.0,1013.57,8.0
48417,นครนายก,นครนายก,14.21667,101.38333,2026-10-07T13:00:00,24.3,78.0,20.1,0.0,26.0,5.6,50.0,1010.97,8.0
48417,นครนายก,นครนายก,14.21667,101.38333,2026-10-07T16:00:00,24.1,77.0,19.8,0.0,2.6,11.1,50.0,1009.61,8.0
48418,บัวชุม,ลพบุรี,15.26667,101.18736,2026-10-07T01:00:00,25.8,91.0,24.2,0.0,0.0,7.4,10.0,1014.37,5.0
48418,บัวชุม,ลพบุรี,15.26667,101.18736,2026-10-07T04:00:00,24.7,97.0,24.3,0.0,0.0,0.0,0.0,1012.35,5.0
48418,บัวชุม,ลพบุรี,15.26667,101.18736,2026-10-07T07:00:00,26.1,77.0,21.8,0.0,0.0,7.4,60.0,1016.11,6.0
48418,บัวชุม,ลพบุรี,15.26667,101.18736,2026-10-07T10:00:00,30.0,51.0,18.7,0.0,0.0,5.6,80.0,1017.04,7.0
48418,บัวชุม,ลพบุรี,15.26667,101.18736,2026-10-07T13:00:00,32.8,46.0,19.8,0.0,0.0,5.6,60.0,1014.18,7.0
48418,บัวชุม,ลพบุรี,15.26667,101.18736,2026-10-07T16:00:00,32.9,45.0,19.4,0.0,0.0,9.3,90.0,1012.15,7.0
48419,ปทุมธานี สกษ.,ปทุมธานี,14.1,100.61667,2026-10-07T01:00:00,25.2,94.0,24.2,0.2,35.0,1.9,200.0,1014.2,8.0
48419,ปทุมธานี สกษ.,ปทุมธานี,14.1,100.61667,2026-10-07T04:00:00,25.0,96.0,24.3,0.0,35.0,1.9,330.0,1013.29,8.0
48419,ปทุมธานี สกษ.,ปทุมธานี,14.1,100.61667,2026-10-07T07:00:00,26.0,93.0,24.8,0.0,35.0,3.7,320.0,1014.86,9.0
48419,ปทุมธานี สกษ.,ปทุมธานี,14.1,100.61667,2026-10-07T10:00:00,30.0,78.0,25.8,0.0,9.2,5.6,140.0,1016.67,9.0
48419,ปทุมธานี สกษ.,ปทุมธานี,14.1,100.61667,2026-10-07T13:00:00,33.0,61.0,24.5,0.0,0.4,5.6,300.0,1013.48,9.0
48419,ปทุมธานี สกษ.,ปทุมธานี,14.1,100.61667,2026-10-07T16:00:00,33.0,62.0,24.8,0.0,0.2,3.7,340.0,1011.37,9.0
48420,สมุทรปราการ สกษ.,สมุทรปราการ,13.51667,100.76167,2026-10-07T01:00:00,25.1,92.0,23.8,2.2,12.0,0.0,0.0,1013.48,6.0
48420,สมุทรปราการ สกษ.,สมุทรปราการ,13.51667,100.76167,2026-10-07T04:00:00,25.0,93.0,23.8,0.1,7.7,0.0,0.0,1012.98,6.0
48420,สมุทรปราการ สกษ.,สมุทรปราการ,13.51667,100.76167,2026-10-07T07:00:00,25.7,94.0,24.7,0.0,3.2,7.4,120.0,1014.77,8.0
48420,สมุทรปราการ สกษ.,สมุทรปราการ,13.51667,100.76167,2026-10-07T10:00:00,30.5,70.0,24.3,0.0,3.1,9.3,100.0,1016.17,10.0
48420,สมุทรปราการ สกษ.,สมุทรปราการ,13.51667,100.76167,2026-10-07T13:00:00,32.9,61.0,24.4,0.0,2.5,18.5,110.0,1013.34,11.0
48420,สมุทรปราการ สกษ.,สมุทรปราการ,13.51667,100.76167,2026-10-07T16:00:00,32.4,59.0,23.5,0.0,2.3,14.8,100.0,1011.34,11.0
48421,ทองผาภูมิ,กาญจนบุรี,14.74222,98.63639,2026-10-07T01:00:00,26.0,94.0,25.0,0.0,0.0,0.0,0.0,1014.5,5.0
48421,ทองผาภูมิ,กาญจนบุรี,14.74222,98.63639,2026-10-07T04:00:00,25.2,96.0,24.5,0.0,0.0,0.0,0.0,1013.62,5.0
48421,ทองผาภูมิ,กาญจนบุรี,14.74222,98.63639,2026-10-07T07:00:00,25.2,96.0,24.5,0.0,0.0,0.0,0.0,1015.13,5.0
48421,ทองผาภูมิ,กาญจนบุรี,14.74222,98.63639,2026-10-07T10:00:00,29.0,85.0,26.2,0.0,0.0,0.0,0.0,1016.82,10.0
48421,ทองผาภูมิ,กาญจนบุรี,14.74222,98.63639,2026-10-07T13:00:00,32.5,61.0,23.9,0.0,0.0,5.6,200.0,1013.66,11.0
48421,ทองผาภูมิ,กาญจนบุรี,14.74222,98.63639,2026-10-07T16:00:00,33.5,56.0,23.4,0.0,0.0,0.0,0.0,1011.45,11.0
48425,สุพรรณบุรี,สุพรรณบุรี,14.47444,100.13889,2026-10-07T01:00:00,25.1,96.0,24.4,2.0,4.4,1.9,50.0,1010.12,10.0
48425,สุพรรณบุรี,สุพรรณบุรี,14.47444,100.13889,2026-10-07T04:00:00,25.3,96.0,24.6,0.0,4.4,3.7,280.0,1014.03,10.0
48425,สุพรรณบุรี,สุพรรณบุรี,14.47444,100.13889,2026-10-07T07:00:00,25.3,95.0,24.4,0.0,4.4,5.6,250.0,1015.76,10.0
48425,สุพรรณบุรี,สุพรรณบุรี,14.47444,100.13889,2026-10-07T10:00:00,29.8,74.0,24.7,0.0,4.2,13.0,60.0,1017.09,12.0
48425,สุพรรณบุรี,สุพรรณบุรี,14.47444,100.13889,2026-10-07T13:00:00,32.4,65.0,24.9,0.0,4.2,5.6,70.0,1014.14,12.0
48425,สุพรรณบุรี,สุพรรณบุรี,14.47444,100.13889,2026-10-07T16:00:00,32.7,63.0,24.6,0.0,2.0,9.3,60.0,1012.02,12.0
48426,ลพบุรี,ลพบุรี,14.79972,100.62833,2026-10-07T01:00:00,25.5,99.0,25.3,0.7,23.5,0.0,0.0,1014.53,8.0
48426,ลพบุรี,ลพบุรี,14.79972,100.62833,2026-10-07T04:00:00,25.3,99.0,25.1,0.0,23.5,0.0,0.0,1013.64,8.0
48426,ลพบุรี,ลพบุรี,14.79972,100.62833,2026-10-07T07:00:00,25.3,99.0,25.1,0.0,23.5,3.7,340.0,1015.09,8.0
48426,ลพบุรี,ลพบุรี,14.79972,100.62833,2026-10-07T10:00:00,30.7,67.0,23.8,0.0,23.5,0.0,0.0,1016.74,13.0
48426,ลพบุรี,ลพบุรี,14.79972,100.62833,2026-10-07T13:00:00,32.4,61.0,23.8,0.0,23.5,11.1,10.0,1013.96,13.0
48426,ลพบุรี,ลพบุรี,14.79972,100.62833,2026-10-07T16:00:00,33.0,59.0,23.8,0.0,23.5,7.4,350.0,1011.82,13.0
48427,อู่ทอง สกษ.,สุพรรณบุรี,14.30361,99.86472,2026-10-07T01:00:00,27.0,88.0,24.8,0.0,0.0,0.0,0.0,1013.99,8.0
48427,อู่ทอง สกษ.,สุพรรณบุรี,14.30361,99.86472,2026-10-07T04:00:00,25.4,98.0,25.1,12.0,12.0,0.0,0.0,1013.6,8.0
48427,อู่ทอง สกษ.,สุพรรณบุรี,14.30361,99.86472,2026-10-07T07:00:00,25.5,93.0,24.2,0.0,14.5,0.0,0.0,1015.33,9.0
48427,อู่ทอง สกษ.,สุพรรณบุรี,14.30361,99.86472,2026-10-07T10:00:00,30.8,70.0,24.7,0.0,14.5,22.2,20.0,1016.8,9.0
48427,อู่ทอง สกษ.,สุพรรณบุรี,14.30361,99.86472,2026-10-07T13:00:00,32.2,63.0,24.2,0.0,14.5,11.1,40.0,1014.09,9.0
48427,อู่ทอง สกษ.,สุพรรณบุรี,14.30361,99.86472,2026-10-07T16:00:00,32.5,60.0,23.7,0.0,14.5,11.1,20.0,1011.84,9.0
48429,สนามบินสุวรรณภูมิ,สมุทรปราการ,13.68639,100.7675,2026-10-07T01:00:00,24.1,97.0,23.5,5.2,42.4,5.6,340.0,1014.01,10.0
48429,สนามบินสุวรรณภูมิ,สมุทรปราการ,13.68639,100.7675,2026-10-07T04:00:00,24.2,96.0,23.5,0.0,35.0,3.7,10.0,1013.55,10.0
48429,สนามบินสุวรรณภูมิ,สมุทรปราการ,13.68639,100.7675,2026-10-07T07:00:00,25.1,95.0,24.2,0.0,31.0,0.0,0.0,1015.44,10.0
48429,สนามบินสุวรรณภูมิ,สมุทรปราการ,13.68639,100.7675,2026-10-07T10:00:00,30.4,69.0,24.1,0.0,31.0,9.3,90.0,1016.61,10.0
48429,สนามบินสุวรรณภูมิ,สมุทรปราการ,13.68639,100.7675,2026-10-07T13:00:00,31.6,65.0,24.3,0.0,5.6,13.0,110.0,1013.82,10.0
48429,สนามบินสุวรรณภูมิ,สมุทรปราการ,13.68639,100.7675,2026-10-07T16:00:00,32.0,60.0,23.3,0.0,5.2,9.3,60.0,1011.9,10.0
48431,นครราชสีมา,นครราชสีมา,14.9683,102.08603,2026-10-07T01:00:00,25.2,92.0,23.9,0.0,0.01,0.0,0.0,1012.53,10.0
48431,นครราชสีมา,นครราชสีมา,14.9683,102.08603,2026-10-07T04:00:00,24.5,86.0,21.9,0.0,0.0,0.0,0.0,1012.23,10.0
48431,นครราชสีมา,นครราชสีมา,14.9683,102.08603,2026-10-07T07:00:00,24.7,76.0,20.1,0.0,0.0,13.0,90.0,1016.67,10.0
48431,นครราชสีมา,นครราชสีมา,14.9683,102.08603,2026-10-07T10:00:00,29.1,61.0,20.8,0.0,0.0,11.1,80.0,1017.17,12.0
48431,นครราชสีมา,นครราชสีมา,14.9683,102.08603,2026-10-07T13:00:00,31.2,53.0,20.4,0.0,0.0,13.0,90.0,1013.73,13.0
48431,นครราชสีมา,นครราชสีมา,14.9683,102.08603,2026-10-07T16:00:00,31.0,54.0,20.5,0.0,0.0,7.4,30.0,1012.43,12.0
48432,สุรินทร์,สุรินทร์,14.88333,103.5,2026-10-07T01:00:00,25.2,86.0,22.7,0.0,0.0,3.7,30.0,1015.2,7.0
48432,สุรินทร์,สุรินทร์,14.88333,103.5,2026-10-07T04:00:00,23.5,90.0,21.8,0.0,0.0,9.3,30.0,1014.75,7.0
48432,สุรินทร์,สุรินทร์,14.88333,103.5,2026-10-07T07:00:00,23.5,87.0,21.2,0.0,0.0,7.4,40.0,1016.4,7.0
48432,สุรินทร์,สุรินทร์,14.88333,103.5,2026-10-07T10:00:00,29.0,70.0,22.9,0.0,0.0,11.1,30.0,1016.61,9.0
48432,สุรินทร์,สุรินทร์,14.88333,103.5,2026-10-07T13:00:00,30.9,59.0,21.9,0.0,0.0,11.1,10.0,1013.73,11.0
48432,สุรินทร์,สุรินทร์,14.88333,103.5,2026-10-07T16:00:00,31.6,62.0,23.5,0.0,0.0,13.0,40.0,1012.05,11.0
48433,สุรินทร์ สกษ.,สุรินทร์,14.88333,103.45,2026-10-07T01:00:00,24.3,99.0,24.1,0.0,0.0,3.7,30.0,1015.99,6.0
48433,สุรินทร์ สกษ.,สุรินทร์,14.88333,103.45,2026-10-07T04:00:00,22.8,99.0,22.6,0.0,0.0,5.6,30.0,1015.55,6.0
48433,สุรินทร์ สกษ.,สุรินทร์,14.88333,103.45,2026-10-07T07:00:00,23.6,98.0,23.3,0.0,0.0,5.6,20.0,1017.78,7.0
48433,สุรินทร์ สกษ.,สุรินทร์,14.88333,103.45,2026-10-07T10:00:00,28.0,77.0,23.6,0.0,0.0,9.3,40.0,1017.94,9.0
48433,สุรินทร์ สกษ.,สุรินทร์,14.88333,103.45,2026-10-07T13:00:00,30.7,67.0,23.9,0.0,0.0,5.6,90.0,1014.8,10.0
48433,สุรินทร์ สกษ.,สุรินทร์,14.88333,103.45,2026-10-07T16:00:00,30.5,71.0,24.7,0.0,0.0,3.7,60.0,1013.26,10.0
48434,โชคชัย,นครราชสีมา,14.71889,102.16861,2026-10-07T01:00:00,26.4,81.0,22.9,0.0,0.0,0.0,0.0,1014.8,10.0
48434,โชคชัย,นครราชสีมา,14.71889,102.16861,2026-10-07T04:00:00,26.0,84.0,23.1,0.0,0.0,0.0,0.0,1014.62,10.0
48434,โชคชัย,นครราชสีมา,14.71889,102.16861,2026-10-07T07:00:00,25.7,86.0,23.2,0.0,0.0,7.4,100.0,1016.54,10.0
48434,โชคชัย,นครราชสีมา,14.71889,102.16861,2026-10-07T10:00:00,29.5,61.0,21.3,0.0,0.0,11.1,80.0,1017.4,10.0
48434,โชคชัย,นครราชสีมา,14.71889,102.16861,2026-10-07T13:00:00,31.5,54.0,21.1,0.0,0.0,7.4,30.0,1013.86,10.0
48434,โชคชัย,นครราชสีมา,14.71889,102.16861,2026-10-07T16:00:00,31.6,55.0,21.4,0.0,0.0,7.4,20.0,1011.91,10.0
48435,ปากช่อง สกษ.,นครราชสีมา,14.64389,101.33194,2026-10-07T01:00:00,25.5,80.0,21.7,0.0,0.0,7.4,120.0,1014.77,8.0
48435,ปากช่อง สกษ.,นครราชสีมา,14.64389,101.33194,2026-10-07T04:00:00,24.5,87.0,22.3,0.0,0.0,13.0,100.0,1014.06,8.0
48435,ปากช่อง สกษ.,นครราชสีมา,14.64389,101.33194,2026-10-07T07:00:00,24.4,82.0,21.1,0.0,0.0,18.5,100.0,1015.81,10.0
48435,ปากช่อง สกษ.,นครราชสีมา,14.64389,101.33194,2026-10-07T10:00:00,27.7,69.0,21.4,0.0,0.0,24.1,100.0,1016.49,10.0
48435,ปากช่อง สกษ.,นครราชสีมา,14.64389,101.33194,2026-10-07T13:00:00,29.5,61.0,21.1,0.0,0.0,14.8,90.0,1013.65,11.0
48435,ปากช่อง สกษ.,นครราชสีมา,14.64389,101.33194,2026-10-07T16:00:00,28.6,67.0,21.8,0.0,0.0,14.8,60.0,1012.24,12.0
48436,นางรอง,บุรีรัมย์,14.58333,102.8,2026-10-07T01:00:00,25.4,82.0,22.1,0.0,0.0,13.0,80.0,1014.35,10.0
48436,นางรอง,บุรีรัมย์,14.58333,102.8,2026-10-07T04:00:00,23.7,84.0,20.8,0.0,0.0,3.7,30.0,1014.64,10.0
48436,นางรอง,บุรีรัมย์,14.58333,102.8,2026-10-07T07:00:00,23.6,80.0,19.9,0.0,0.0,18.5,30.0,1016.74,10.0
48436,นางรอง,บุรีรัมย์,14.58333,102.8,2026-10-07T10:00:00,28.9,63.0,21.1,0.0,0.0,7.4,110.0,1016.71,10.0
48436,นางรอง,บุรีรัมย์,14.58333,102.8,2026-10-07T13:00:00,30.9,60.0,22.2,0.0,0.0,5.6,30.0,1013.8,10.0
48436,นางรอง,บุรีรัมย์,14.58333,102.8,2026-10-07T16:00:00,31.5,55.0,21.4,0.0,0.0,7.4,350.0,1012.23,10.0
48437,บุรีรัมย์,บุรีรัมย์,15.22575,103.24808,2026-10-07T04:00:00,22.7,92.0,21.3,0.0,0.0,0.0,0.0,1014.97,10.0
48437,บุรีรัมย์,บุรีรัมย์,15.22575,103.24808,2026-10-07T07:00:00,23.9,80.0,20.2,0.0,0.0,13.0,40.0,1016.65,10.0
48437,บุรีรัมย์,บุรีรัมย์,15.22575,103.24808,2026-10-07T10:00:00,28.0,62.0,20.1,0.0,0.0,18.5,70.0,1009.11,10.0
48437,บุรีรัมย์,บุรีรัมย์,15.22575,103.24808,2026-10-07T13:00:00,30.3,57.0,20.9,0.0,0.0,13.0,60.0,1006.69,10.0
48437,บุรีรัมย์,บุรีรัมย์,15.22575,103.24808,2026-10-07T16:00:00,30.6,59.0,21.6,0.0,0.0,0.0,0.0,1003.37,10.0
48438,สมุทรสงคราม,สมุทรสงคราม,13.40778,100.03222,2026-10-07T01:00:00,25.9,93.0,24.6,0.0,30.8,1.9,190.0,1013.97,10.0
48438,สมุทรสงคราม,สมุทรสงคราม,13.40778,100.03222,2026-10-07T04:00:00,25.3,91.0,23.7,0.0,28.0,3.7,330.0,1013.09,10.0
48438,สมุทรสงคราม,สมุทรสงคราม,13.40778,100.03222,2026-10-07T07:00:00,25.8,92.0,24.3,0.0,7.8,1.9,60.0,1015.29,10.0
48438,สมุทรสงคราม,สมุทรสงคราม,13.40778,100.03222,2026-10-07T10:00:00,29.4,74.0,24.2,0.0,0.4,5.6,60.0,1016.45,10.0
48438,สมุทรสงคราม,สมุทรสงคราม,13.40778,100.03222,2026-10-07T13:00:00,31.1,69.0,24.8,0.0,0.0,5.6,150.0,1013.4,10.0
48438,สมุทรสงคราม,สมุทรสงคราม,13.40778,100.03222,2026-10-07T16:00:00,28.3,81.0,24.7,0.0,0.0,3.7,340.0,1011.91,10.0
48439,กบินทร์บุรี,ปราจีนบุรี,13.98333,101.70722,2026-10-07T07:00:00,25.8,93.0,24.6,0.0,0.0,0.0,0.0,1008.59,8.0
48439,กบินทร์บุรี,ปราจีนบุรี,13.98333,101.70722,2026-10-07T10:00:00,30.0,78.0,25.8,0.0,0.0,0.0,0.0,1009.98,11.0
48439,กบินทร์บุรี,ปราจีนบุรี,13.98333,101.70722,2026-10-07T13:00:00,32.3,67.0,25.4,0.0,0.0,0.0,0.0,1013.09,11.0
48439,กบินทร์บุรี,ปราจีนบุรี,13.98333,101.70722,2026-10-07T16:00:00,33.3,54.0,22.7,0.0,0.0,0.0,0.0,1011.32,11.0
48440,สระแก้ว,สระแก้ว,13.78889,102.03472,2026-10-07T01:00:00,24.2,99.0,24.0,0.4,0.8,0.0,0.0,1013.93,7.0
48440,สระแก้ว,สระแก้ว,13.78889,102.03472,2026-10-07T04:00:00,24.5,99.0,24.3,0.0,0.8,0.0,0.0,1012.89,7.0
48440,สระแก้ว,สระแก้ว,13.78889,102.03472,2026-10-07T07:00:00,25.6,99.0,25.4,0.0,0.8,11.1,70.0,1014.91,8.0
48440,สระแก้ว,สระแก้ว,13.78889,102.03472,2026-10-07T10:00:00,29.3,75.0,24.4,0.0,0.8,14.8,100.0,1015.92,9.0
48440,สระแก้ว,สระแก้ว,13.78889,102.03472,2026-10-07T13:00:00,31.3,73.0,26.0,0.0,0.8,0.0,0.0,1012.78,10.0
48440,สระแก้ว,สระแก้ว,13.78889,102.03472,2026-10-07T16:00:00,30.2,81.0,26.6,0.0,0.8,0.0,0.0,1011.37,9.0
48450,กาญจนบุรี,กาญจนบุรี,14.0225,99.53583,2026-10-07T01:00:00,26.4,96.0,25.7,0.0,6.0,0.0,0.0,1014.16,8.0
48450,กาญจนบุรี,กาญจนบุรี,14.0225,99.53583,2026-10-07T04:00:00,25.9,96.0,25.2,2.6,5.4,3.7,130.0,1013.5,4.0
48450,กาญจนบุรี,กาญจนบุรี,14.0225,99.53583,2026-10-07T07:00:00,25.1,99.0,24.9,1.3,4.1,0.0,0.0,1015.37,8.0
48450,กาญจนบุรี,กาญจนบุรี,14.0225,99.53583,2026-10-07T10:00:00,30.9,70.0,24.8,0.0,4.0,0.0,0.0,1016.9,10.0
48450,กาญจนบุรี,กาญจนบุรี,14.0225,99.53583,2026-10-07T13:00:00,33.2,62.0,24.9,0.0,4.0,0.0,0.0,1013.79,12.0
48450,กาญจนบุรี,กาญจนบุรี,14.0225,99.53583,2026-10-07T16:00:00,33.4,58.0,24.0,0.0,3.9,7.4,360.0,1011.5,12.0
48451,นครปฐม,นครปฐม,14.01167,99.97,2026-10-07T01:00:00,26.5,98.0,26.1,0.0,1.1,3.7,150.0,1013.87,10.0
48451,นครปฐม,นครปฐม,14.01167,99.97,2026-10-07T04:00:00,24.5,97.0,24.1,25.4,26.5,0.0,0.0,1013.36,10.0
48451,นครปฐม,นครปฐม,14.01167,99.97,2026-10-07T07:00:00,25.3,99.0,25.1,0.0,26.2,0.0,0.0,1015.33,10.0
48451,นครปฐม,นครปฐม,14.01167,99.97,2026-10-07T10:00:00,29.5,85.0,26.7,0.0,25.4,13.0,330.0,1016.89,10.0
48451,นครปฐม,นครปฐม,14.01167,99.97,2026-10-07T13:00:00,31.7,67.0,24.9,0.0,25.4,5.6,60.0,1013.87,10.0
48451,นครปฐม,นครปฐม,14.01167,99.97,2026-10-07T16:00:00,32.3,63.0,24.5,0.0,25.4,9.3,90.0,1011.58,10.0
48453,กรุงเทพฯ บางนา สกษ.,กรุงเทพมหานคร,13.66639,100.60611,2026-10-07T01:00:00,24.3,94.0,23.3,1.0,25.6,1.9,330.0,1013.09,9.0
48453,กรุงเทพฯ บางนา สกษ.,กรุงเทพมหานคร,13.66639,100.60611,2026-10-07T04:00:00,24.3,93.0,23.1,0.0,15.2,0.0,0.0,1012.78,10.0
48453,กรุงเทพฯ บางนา สกษ.,กรุงเทพมหานคร,13.66639,100.60611,2026-10-07T07:00:00,26.6,85.0,23.8,0.0,10.6,3.7,10.0,1014.96,10.0
48453,กรุงเทพฯ บางนา สกษ.,กรุงเทพมหานคร,13.66639,100.60611,2026-10-07T10:00:00,32.1,66.0,24.9,0.0,10.6,3.7,10.0,1016.26,10.0
48453,กรุงเทพฯ บางนา สกษ.,กรุงเทพมหานคร,13.66639,100.60611,2026-10-07T13:00:00,33.0,62.0,24.8,0.0,4.6,7.4,100.0,1013.46,10.0
48453,กรุงเทพฯ บางนา สกษ.,กรุงเทพมหานคร,13.66639,100.60611,2026-10-07T16:00:00,34.1,55.0,23.6,0.0,1.0,9.3,50.0,1011.43,10.0
48454,กรุงเทพฯ ท่าเรือคลองเตย,กรุงเทพมหานคร,13.70694,100.56805,2026-10-07T07:00:00,25.8,89.0,23.9,0.0,41.5,3.7,60.0,1014.57,10.0
48454,กรุงเทพฯ ท่าเรือคลองเตย,กรุงเทพมหานคร,13.70694,100.56805,2026-10-07T10:00:00,29.2,80.0,25.4,0.0,41.2,5.6,120.0,1016.23,10.0
48454,กรุงเทพฯ ท่าเรือคลองเตย,กรุงเทพมหานคร,13.70694,100.56805,2026-10-07T13:00:00,31.7,66.0,24.6,0.0,15.5,5.6,140.0,1013.17,10.0
48454,กรุงเทพฯ ท่าเรือคลองเตย,กรุงเทพมหานคร,13.70694,100.56805,2026-10-07T16:00:00,33.0,56.0,23.2,0.0,0.0,7.4,120.0,1011.15,10.0
48455,กรุงเทพมหานคร,กรุงเทพมหานคร,13.72639,100.56,2026-10-07T01:00:00,24.6,98.0,24.3,3.1,53.1,0.0,0.0,1014.64,10.0
48455,กรุงเทพมหานคร,กรุงเทพมหานคร,13.72639,100.56,2026-10-07T04:00:00,24.4,97.0,24.0,0.0,10.0,0.0,0.0,1013.96,10.0
48455,กรุงเทพมหานคร,กรุงเทพมหานคร,13.72639,100.56,2026-10-07T07:00:00,25.3,98.0,25.0,0.0,8.6,1.9,290.0,1015.96,10.0
48455,กรุงเทพมหานคร,กรุงเทพมหานคร,13.72639,100.56,2026-10-07T10:00:00,30.2,68.0,23.5,0.0,8.3,5.6,310.0,1017.38,10.0
48455,กรุงเทพมหานคร,กรุงเทพมหานคร,13.72639,100.56,2026-10-07T13:00:00,33.4,63.0,25.4,0.0,5.6,9.3,60.0,1014.07,10.0
48455,กรุงเทพมหานคร,กรุงเทพมหานคร,13.72639,100.56,2026-10-07T16:00:00,33.4,58.0,24.0,0.0,3.1,5.6,40.0,1012.31,10.0
48456,สนามบินดอนเมือง,กรุงเทพมหานคร,13.91917,100.605,2026-10-07T01:00:00,24.2,94.0,23.2,1.2,30.2,3.7,210.0,1014.05,10.0
48456,สนามบินดอนเมือง,กรุงเทพมหานคร,13.91917,100.605,2026-10-07T04:00:00,24.6,94.0,23.6,0.0,4.4,5.6,350.0,1013.88,10.0
48456,สนามบินดอนเมือง,กรุงเทพมหานคร,13.91917,100.605,2026-10-07T07:00:00,25.7,92.0,24.2,0.0,4.0,3.7,290.0,1015.62,10.0
48456,สนามบินดอนเมือง,กรุงเทพมหานคร,13.91917,100.605,2026-10-07T10:00:00,29.9,69.0,23.5,0.0,4.0,7.4,70.0,1016.63,10.0
48456,สนามบินดอนเมือง,กรุงเทพมหานคร,13.91917,100.605,2026-10-07T13:00:00,32.3,56.0,22.4,0.0,1.4,9.3,60.0,1013.61,10.0
48456,สนามบินดอนเมือง,กรุงเทพมหานคร,13.91917,100.605,2026-10-07T16:00:00,31.4,63.0,23.5,0.0,1.2,13.0,350.0,1011.94,10.0
48457,นำร่อง,สมุทรปราการ,13.37722,100.59944,2026-10-07T07:00:00,28.5,83.0,25.4,0.0,5.9,22.2,40.0,1014.73,10.0
48457,นำร่อง,สมุทรปราการ,13.37722,100.59944,2026-10-07T10:00:00,30.6,80.0,26.7,0.0,5.2,18.5,40.0,1016.57,10.0
48457,นำร่อง,สมุทรปราการ,13.37722,100.59944,2026-10-07T13:00:00,31.8,76.0,26.9,0.0,0.0,11.1,20.0,1013.38,10.0
48457,นำร่อง,สมุทรปราการ,13.37722,100.59944,2026-10-07T16:00:00,30.8,77.0,26.3,0.0,0.0,11.1,320.0,1010.43,10.0
48458,ฉะเชิงเทรา,ฉะเชิงเทรา,13.51556,101.45833,2026-10-07T01:00:00,24.5,99.0,24.3,2.9,9.9,1.9,160.0,1015.21,8.0
48458,ฉะเชิงเทรา,ฉะเชิงเทรา,13.51556,101.45833,2026-10-07T04:00:00,23.9,99.0,23.7,0.0,9.9,0.0,0.0,1014.74,8.0
48458,ฉะเชิงเทรา,ฉะเชิงเทรา,13.51556,101.45833,2026-10-07T07:00:00,24.1,99.0,23.9,0.0,9.9,0.0,0.0,1016.45,6.0
48458,ฉะเชิงเทรา,ฉะเชิงเทรา,13.51556,101.45833,2026-10-07T10:00:00,27.8,83.0,24.6,0.0,9.9,3.7,30.0,1017.87,10.0
48458,ฉะเชิงเทรา,ฉะเชิงเทรา,13.51556,101.45833,2026-10-07T13:00:00,33.2,63.0,25.2,0.0,9.9,3.7,30.0,1014.93,10.0
48458,ฉะเชิงเทรา,ฉะเชิงเทรา,13.51556,101.45833,2026-10-07T16:00:00,34.2,59.0,24.9,0.0,9.9,0.0,0.0,1012.83,10.0
48459,ชลบุรี,ชลบุรี,13.36667,100.98333,2026-10-07T01:00:00,25.0,99.0,24.8,5.2,9.8,11.1,40.0,1013.31,10.0
48459,ชลบุรี,ชลบุรี,13.36667,100.98333,2026-10-07T04:00:00,26.0,98.0,25.6,0.0,9.8,0.0,0.0,1007.46,10.0
48459,ชลบุรี,ชลบุรี,13.36667,100.98333,2026-10-07T07:00:00,25.7,97.0,25.1,0.2,10.0,13.0,40.0,1014.47,10.0
48459,ชลบุรี,ชลบุรี,13.36667,100.98333,2026-10-07T10:00:00,31.1,65.0,23.8,0.0,10.0,9.3,60.0,1015.76,10.0
48459,ชลบุรี,ชลบุรี,13.36667,100.98333,2026-10-07T13:00:00,32.5,57.0,22.9,0.0,10.0,3.7,330.0,1012.98,10.0
48459,ชลบุรี,ชลบุรี,13.36667,100.98333,2026-10-07T16:00:00,32.9,55.0,22.7,0.0,9.4,9.3,20.0,1010.75,10.0
48460,เกาะสีชัง,ชลบุรี,13.16167,100.80194,2026-10-07T01:00:00,26.3,93.0,25.1,0.8,5.6,7.4,90.0,1013.22,10.0
48460,เกาะสีชัง,ชลบุรี,13.16167,100.80194,2026-10-07T04:00:00,26.4,92.0,25.0,0.0,5.6,9.3,70.0,1012.95,10.0
48460,เกาะสีชัง,ชลบุรี,13.16167,100.80194,2026-10-07T07:00:00,26.7,90.0,24.8,0.0,1.8,13.0,90.0,1014.88,10.0
48460,เกาะสีชัง,ชลบุรี,13.16167,100.80194,2026-10-07T10:00:00,31.7,70.0,25.5,0.0,1.8,16.7,50.0,1015.26,10.0
48460,เกาะสีชัง,ชลบุรี,13.16167,100.80194,2026-10-07T13:00:00,34.4,60.0,25.4,0.0,1.0,7.4,100.0,1012.87,10.0
48460,เกาะสีชัง,ชลบุรี,13.16167,100.80194,2026-10-07T16:00:00,33.8,62.0,25.4,0.0,1.0,16.7,80.0,1010.93,10.0
48461,พัทยา,ชลบุรี,12.92,100.86944,2026-10-07T01:00:00,26.1,90.0,24.4,0.0,3.2,0.0,0.0,1013.38,8.0
48461,พัทยา,ชลบุรี,12.92,100.86944,2026-10-07T04:00:00,25.9,91.0,24.3,0.0,3.2,7.4,80.0,1012.59,8.0
48461,พัทยา,ชลบุรี,12.92,100.86944,2026-10-07T07:00:00,25.9,93.0,24.6,0.0,1.4,11.1,70.0,1014.42,8.0
48461,พัทยา,ชลบุรี,12.92,100.86944,2026-10-07T10:00:00,30.7,72.0,25.2,0.0,0.0,11.1,10.0,1015.77,8.0
48461,พัทยา,ชลบุรี,12.92,100.86944,2026-10-07T13:00:00,32.4,68.0,25.8,0.0,0.0,7.4,160.0,1012.62,9.0
48461,พัทยา,ชลบุรี,12.92,100.86944,2026-10-07T16:00:00,30.5,76.0,25.9,0.0,0.0,13.0,50.0,1010.73,9.0
48462,อรัญประเทศ,สระแก้ว,13.7,102.58333,2026-10-07T01:00:00,26.6,86.0,24.1,0.0,2.7,3.7,70.0,1014.17,7.0
48462,อรัญประเทศ,สระแก้ว,13.7,102.58333,2026-10-07T04:00:00,25.9,80.0,22.2,0.0,2.7,1.9,60.0,1013.63,7.0
48462,อรัญประเทศ,สระแก้ว,13.7,102.58333,2026-10-07T07:00:00,25.5,83.0,22.4,0.0,0.2,7.4,40.0,1016.06,7.0
48462,อรัญประเทศ,สระแก้ว,13.7,102.58333,2026-10-07T10:00:00,29.9,61.0,21.6,0.0,0.0,13.0,40.0,1016.79,8.0
48462,อรัญประเทศ,สระแก้ว,13.7,102.58333,2026-10-07T13:00:00,32.0,56.0,22.0,0.0,0.0,11.1,40.0,1014.11,8.0
48462,อรัญประเทศ,สระแก้ว,13.7,102.58333,2026-10-07T16:00:00,31.3,60.0,22.7,0.0,0.0,9.3,140.0,1012.2,8.0
48463,แหลมฉบัง,ชลบุรี,13.07694,100.87583,2026-10-07T07:00:00,26.2,90.0,24.5,0.0,3.8,9.3,160.0,1014.57,10.0
48463,แหลมฉบัง,ชลบุรี,13.07694,100.87583,2026-10-07T10:00:00,30.7,65.0,23.3,0.0,3.8,0.0,0.0,1014.31,10.0
48463,แหลมฉบัง,ชลบุรี,13.07694,100.87583,2026-10-07T13:00:00,32.5,72.0,26.8,0.0,3.8,7.4,160.0,1012.59,10.0
48463,แหลมฉบัง,ชลบุรี,13.07694,100.87583,2026-10-07T16:00:00,32.1,68.0,25.5,0.0,3.4,0.0,0.0,1011.26,10.0
48464,ราชบุรี,ราชบุรี,13.48931,99.79239,2026-10-07T01:00:00,26.2,93.0,24.9,0.0,72.6,0.0,0.0,1014.48,10.0
48464,ราชบุรี,ราชบุรี,13.48931,99.79239,2026-10-07T04:00:00,25.3,97.0,24.7,0.0,55.4,0.0,0.0,1014.21,10.0
48464,ราชบุรี,ราชบุรี,13.48931,99.79239,2026-10-07T07:00:00,26.5,89.0,24.5,0.01,6.0,0.0,0.0,1015.87,8.0
48464,ราชบุรี,ราชบุรี,13.48931,99.79239,2026-10-07T10:00:00,29.1,78.0,24.8,0.0,0.01,9.3,20.0,1016.51,9.0
48464,ราชบุรี,ราชบุรี,13.48931,99.79239,2026-10-07T13:00:00,31.5,69.0,25.1,0.01,0.01,11.1,290.0,1014.23,9.0
48464,ราชบุรี,ราชบุรี,13.48931,99.79239,2026-10-07T16:00:00,30.6,70.0,24.5,0.01,0.01,11.1,120.0,1012.53,10.0
48465,เพชรบุรี,เพชรบุรี,12.99944,100.06056,2026-10-07T01:00:00,26.5,92.0,25.1,0.0,62.4,0.0,0.0,1013.91,11.0
48465,เพชรบุรี,เพชรบุรี,12.99944,100.06056,2026-10-07T04:00:00,26.5,92.0,25.1,0.0,0.8,0.0,0.0,1012.98,11.0
48465,เพชรบุรี,เพชรบุรี,12.99944,100.06056,2026-10-07T07:00:00,26.5,90.0,24.8,0.2,0.4,0.0,0.0,1015.37,11.0
48465,เพชรบุรี,เพชรบุรี,12.99944,100.06056,2026-10-07T10:00:00,28.0,88.0,25.7,5.3,5.5,0.0,0.0,1016.73,11.0
48465,เพชรบุรี,เพชรบุรี,12.99944,100.06056,2026-10-07T13:00:00,30.9,71.0,24.9,0.0,5.5,3.7,70.0,1013.49,11.0
48465,เพชรบุรี,เพชรบุรี,12.99944,100.06056,2026-10-07T16:00:00,30.7,70.0,24.6,0.0,5.5,0.0,0.0,1011.62,11.0
48474,หนองพลับ สกษ.,ประจวบคีรีขันธ์,12.58333,99.73333,2026-10-07T01:00:00,24.9,96.0,24.2,0.0,0.0,0.0,0.0,1014.31,6.0
48474,หนองพลับ สกษ.,ประจวบคีรีขันธ์,12.58333,99.73333,2026-10-07T04:00:00,25.1,91.0,23.5,0.0,0.0,0.0,0.0,1013.03,6.0
48474,หนองพลับ สกษ.,ประจวบคีรีขันธ์,12.58333,99.73333,2026-10-07T07:00:00,26.1,89.0,24.2,0.0,0.0,0.0,0.0,1015.72,6.0
48474,หนองพลับ สกษ.,ประจวบคีรีขันธ์,12.58333,99.73333,2026-10-07T10:00:00,26.7,87.0,24.4,0.0,0.0,0.0,0.0,1017.37,8.0
48474,หนองพลับ สกษ.,ประจวบคีรีขันธ์,12.58333,99.73333,2026-10-07T13:00:00,30.2,76.0,25.5,0.0,0.0,0.0,0.0,1013.63,8.0
48474,หนองพลับ สกษ.,ประจวบคีรีขันธ์,12.58333,99.73333,2026-10-07T16:00:00,25.8,99.0,25.6,11.3,11.3,0.0,0.0,1012.21,6.0
48475,หัวหิน,ประจวบคีรีขันธ์,12.58611,99.9625,2026-10-07T01:00:00,27.2,82.0,23.8,0.0,0.0,3.7,270.0,1014.48,10.0
48475,หัวหิน,ประจวบคีรีขันธ์,12.58611,99.9625,2026-10-07T04:00:00,27.1,82.0,23.7,0.0,0.0,9.3,300.0,1013.58,10.0
48475,หัวหิน,ประจวบคีรีขันธ์,12.58611,99.9625,2026-10-07T07:00:00,26.7,84.0,23.8,0.0,0.0,9.3,300.0,1014.66,10.0
48475,หัวหิน,ประจวบคีรีขันธ์,12.58611,99.9625,2026-10-07T10:00:00,25.6,93.0,24.4,0.0,0.0,9.3,140.0,1017.16,10.0
48475,หัวหิน,ประจวบคีรีขันธ์,12.58611,99.9625,2026-10-07T13:00:00,30.1,74.0,25.0,2.0,2.0,13.0,100.0,1013.6,10.0
48475,หัวหิน,ประจวบคีรีขันธ์,12.58611,99.9625,2026-10-07T16:00:00,30.2,72.0,24.6,0.0,2.0,11.1,50.0,1011.88,10.0
48477,สัตหีบ,ชลบุรี,12.68333,100.98333,2026-10-07T01:00:00,27.0,92.0,25.6,0.0,0.01,0.0,0.0,1012.28,9.0
48477,สัตหีบ,ชลบุรี,12.68333,100.98333,2026-10-07T04:00:00,26.8,94.0,25.7,0.0,0.01,0.0,0.0,1012.06,9.0
48477,สัตหีบ,ชลบุรี,12.68333,100.98333,2026-10-07T07:00:00,26.5,92.0,25.1,0.0,0.01,3.7,340.0,1013.93,6.0
48477,สัตหีบ,ชลบุรี,12.68333,100.98333,2026-10-07T10:00:00,32.3,65.0,24.9,0.0,0.01,7.4,360.0,1015.23,10.0
48477,สัตหีบ,ชลบุรี,12.68333,100.98333,2026-10-07T13:00:00,32.5,64.0,24.7,0.0,0.0,7.4,180.0,1012.25,10.0
48477,สัตหีบ,ชลบุรี,12.68333,100.98333,2026-10-07T16:00:00,32.0,63.0,24.1,0.0,0.0,7.4,180.0,1010.18,10.0
48478,ระยอง,ระยอง,12.63222,101.34361,2026-10-07T01:00:00,25.6,95.0,24.7,0.0,5.3,0.0,0.0,1013.52,8.0
48478,ระยอง,ระยอง,12.63222,101.34361,2026-10-07T04:00:00,25.5,96.0,24.8,0.0,5.3,0.0,0.0,1012.28,8.0
48478,ระยอง,ระยอง,12.63222,101.34361,2026-10-07T07:00:00,25.5,96.0,24.8,0.0,5.3,0.0,0.0,1013.86,8.0
48478,ระยอง,ระยอง,12.63222,101.34361,2026-10-07T10:00:00,29.5,80.0,25.7,0.0,5.3,0.0,0.0,1015.75,8.0
48478,ระยอง,ระยอง,12.63222,101.34361,2026-10-07T13:00:00,32.0,71.0,26.1,0.0,5.3,9.3,40.0,1012.52,8.0
48478,ระยอง,ระยอง,12.63222,101.34361,2026-10-07T16:00:00,31.0,70.0,24.9,0.6,5.9,9.3,90.0,1011.19,8.0
48479,ห้วยโป่ง สกษ.,ระยอง,12.735,101.135,2026-10-07T01:00:00,25.0,99.0,24.8,0.0,2.6,0.0,0.0,1012.96,8.0
48479,ห้วยโป่ง สกษ.,ระยอง,12.735,101.135,2026-10-07T04:00:00,24.6,99.0,24.4,0.0,2.6,0.0,0.0,1012.58,8.0
48479,ห้วยโป่ง สกษ.,ระยอง,12.735,101.135,2026-10-07T07:00:00,25.1,99.0,24.9,0.0,2.6,0.0,0.0,1014.16,10.0
48479,ห้วยโป่ง สกษ.,ระยอง,12.735,101.135,2026-10-07T10:00:00,30.4,79.0,26.3,0.0,2.6,0.0,0.0,1014.61,10.0
48479,ห้วยโป่ง สกษ.,ระยอง,12.735,101.135,2026-10-07T13:00:00,33.9,61.0,25.3,0.0,0.0,0.0,0.0,1012.6,10.0
48479,ห้วยโป่ง สกษ.,ระยอง,12.735,101.135,2026-10-07T16:00:00,30.7,75.0,25.8,0.0,0.0,0.0,0.0,1010.53,10.0
48480,จันทบุรี,จันทบุรี,12.61667,102.11333,2026-10-07T01:00:00,26.5,92.0,25.1,0.0,0.0,0.0,0.0,1013.65,8.0
48480,จันทบุรี,จันทบุรี,12.61667,102.11333,2026-10-07T07:00:00,25.9,88.0,23.7,0.0,0.0,7.4,30.0,1014.4,9.0
48480,จันทบุรี,จันทบุรี,12.61667,102.11333,2026-10-07T10:00:00,31.0,66.0,23.8,0.0,0.0,7.4,60.0,1015.38,11.0
48480,จันทบุรี,จันทบุรี,12.61667,102.11333,2026-10-07T13:00:00,33.3,59.0,24.2,0.0,0.0,14.8,40.0,1012.54,11.0
48480,จันทบุรี,จันทบุรี,12.61667,102.11333,2026-10-07T16:00:00,32.0,63.0,24.1,0.0,0.0,0.0,0.0,1011.08,10.0
48481,พลิ้ว สกษ.,จันทบุรี,12.50861,102.17305,2026-10-07T01:00:00,24.6,99.0,24.4,0.0,2.2,1.9,30.0,1013.75,8.0
48481,พลิ้ว สกษ.,จันทบุรี,12.50861,102.17305,2026-10-07T04:00:00,24.2,99.0,24.0,0.0,2.2,0.0,0.0,1012.94,8.0
48481,พลิ้ว สกษ.,จันทบุรี,12.50861,102.17305,2026-10-07T07:00:00,24.8,99.0,24.6,0.0,2.2,1.9,30.0,1014.95,8.0
48481,พลิ้ว สกษ.,จันทบุรี,12.50861,102.17305,2026-10-07T10:00:00,32.4,72.0,26.7,0.0,2.2,9.3,300.0,1015.8,9.0
48481,พลิ้ว สกษ.,จันทบุรี,12.50861,102.17305,2026-10-07T13:00:00,26.9,93.0,25.6,5.4,7.6,3.7,70.0,1013.04,8.0
48481,พลิ้ว สกษ.,จันทบุรี,12.50861,102.17305,2026-10-07T16:00:00,26.0,93.0,24.8,6.8,14.4,3.7,10.0,1011.55,8.0
48500,ประจวบคีรีขันธ์,ประจวบคีรีขันธ์,11.83333,99.83333,2026-10-07T01:00:00,27.5,85.0,24.8,0.0,0.0,0.0,0.0,1013.27,10.0
48500,ประจวบคีรีขันธ์,ประจวบคีรีขันธ์,11.83333,99.83333,2026-10-07T04:00:00,26.6,90.0,24.7,0.0,0.0,0.0,0.0,1011.56,10.0
48500,ประจวบคีรีขันธ์,ประจวบคีรีขันธ์,11.83333,99.83333,2026-10-07T07:00:00,26.8,86.0,24.2,0.0,0.0,13.0,30.0,1014.98,10.0
48500,ประจวบคีรีขันธ์,ประจวบคีรีขันธ์,11.83333,99.83333,2026-10-07T10:00:00,26.0,91.0,24.4,0.01,0.01,5.6,360.0,1016.09,10.0
48500,ประจวบคีรีขันธ์,ประจวบคีรีขันธ์,11.83333,99.83333,2026-10-07T13:00:00,30.3,66.0,23.3,0.0,0.5,9.3,330.0,1013.61,10.0
48500,ประจวบคีรีขันธ์,ประจวบคีรีขันธ์,11.83333,99.83333,2026-10-07T16:00:00,32.0,64.0,24.5,0.0,0.5,9.3,30.0,1011.87,10.0
48501,ตราด,ตราด,11.76667,102.88333,2026-10-07T01:00:00,24.9,93.0,23.7,0.0,0.2,3.7,80.0,1013.62,8.0
48501,ตราด,ตราด,11.76667,102.88333,2026-10-07T04:00:00,24.3,94.0,23.3,0.0,0.0,1.9,90.0,1012.37,8.0
48501,ตราด,ตราด,11.76667,102.88333,2026-10-07T07:00:00,24.7,94.0,23.7,0.0,0.0,1.9,100.0,1013.87,8.0
48501,ตราด,ตราด,11.76667,102.88333,2026-10-07T10:00:00,30.4,73.0,25.0,0.0,0.0,7.4,240.0,1015.11,10.0
48501,ตราด,ตราด,11.76667,102.88333,2026-10-07T13:00:00,29.6,78.0,25.3,0.0,0.0,1.9,350.0,1012.99,10.0
48501,ตราด,ตราด,11.76667,102.88333,2026-10-07T16:00:00,28.4,86.0,25.9,0.8,0.8,3.7,100.0,1011.27,10.0
48517,ชุมพร,ชุมพร,10.49875,99.18847,2026-10-07T01:00:00,26.5,96.0,25.8,0.0,0.0,0.0,0.0,1013.36,8.0
48517,ชุมพร,ชุมพร,10.49875,99.18847,2026-10-07T04:00:00,24.2,98.0,23.9,28.5,28.5,0.0,0.0,1012.38,8.0
48517,ชุมพร,ชุมพร,10.49875,99.18847,2026-10-07T07:00:00,25.2,98.0,24.9,0.0,28.5,0.0,0.0,1014.81,8.0
48517,ชุมพร,ชุมพร,10.49875,99.18847,2026-10-07T10:00:00,32.3,71.0,26.3,0.0,28.5,0.0,0.0,1016.22,8.0
48517,ชุมพร,ชุมพร,10.49875,99.18847,2026-10-07T13:00:00,32.0,73.0,26.4,0.0,28.5,7.4,50.0,1012.96,8.0
48517,ชุมพร,ชุมพร,10.49875,99.18847,2026-10-07T16:00:00,31.7,71.0,25.8,0.0,28.5,3.7,70.0,1011.64,8.0
48520,สวี สกษ.,ชุมพร,10.33333,99.1,2026-10-07T01:00:00,26.8,92.0,25.4,0.0,1.0,0.0,0.0,1013.25,7.0
48520,สวี สกษ.,ชุมพร,10.33333,99.1,2026-10-07T04:00:00,24.6,95.0,23.7,31.2,32.2,0.0,0.0,1012.55,7.0
48520,สวี สกษ.,ชุมพร,10.33333,99.1,2026-10-07T07:00:00,24.6,97.0,24.0,4.2,36.4,0.0,0.0,1014.56,7.0
48520,สวี สกษ.,ชุมพร,10.33333,99.1,2026-10-07T10:00:00,29.9,88.0,27.7,0.0,36.4,0.0,0.0,1015.63,9.0
48520,สวี สกษ.,ชุมพร,10.33333,99.1,2026-10-07T13:00:00,32.3,75.0,27.3,0.0,36.4,9.3,60.0,1012.71,8.0
48520,สวี สกษ.,ชุมพร,10.33333,99.1,2026-10-07T16:00:00,30.9,76.0,26.1,0.0,36.4,3.7,330.0,1011.4,8.0
48532,ระนอง,ระนอง,9.98333,98.61667,2026-10-07T01:00:00,25.1,97.0,24.7,0.4,66.4,3.7,90.0,1013.84,10.0
48532,ระนอง,ระนอง,9.98333,98.61667,2026-10-07T04:00:00,24.8,98.0,24.5,0.6,67.0,7.4,70.0,1012.5,10.0
48532,ระนอง,ระนอง,9.98333,98.61667,2026-10-07T07:00:00,25.1,98.0,24.8,0.0,67.0,0.0,0.0,1014.35,1.0
48532,ระนอง,ระนอง,9.98333,98.61667,2026-10-07T10:00:00,32.0,71.0,26.1,0.0,67.0,5.6,70.0,1015.31,10.0
48532,ระนอง,ระนอง,9.98333,98.61667,2026-10-07T13:00:00,29.7,89.0,27.6,0.01,67.0,7.4,170.0,1012.53,10.0
48532,ระนอง,ระนอง,9.98333,98.61667,2026-10-07T16:00:00,24.9,96.0,24.2,62.4,129.4,3.7,50.0,1012.2,6.0
48550,เกาะสมุย,สุราษฎร์ธานี,9.46667,100.05,2026-10-07T01:00:00,27.5,95.0,26.7,0.0,5.0,0.0,0.0,1013.72,9.0
48550,เกาะสมุย,สุราษฎร์ธานี,9.46667,100.05,2026-10-07T04:00:00,25.8,95.0,24.9,9.6,14.6,0.0,0.0,1012.82,9.0
48550,เกาะสมุย,สุราษฎร์ธานี,9.46667,100.05,2026-10-07T07:00:00,27.3,95.0,26.4,0.0,14.6,0.0,0.0,1014.95,9.0
48550,เกาะสมุย,สุราษฎร์ธานี,9.46667,100.05,2026-10-07T10:00:00,30.3,85.0,27.5,0.0,14.6,9.3,110.0,1016.41,8.0
48550,เกาะสมุย,สุราษฎร์ธานี,9.46667,100.05,2026-10-07T13:00:00,28.6,95.0,27.6,4.4,14.0,0.0,0.0,1013.92,8.0
48550,เกาะสมุย,สุราษฎร์ธานี,9.46667,100.05,2026-10-07T16:00:00,31.1,72.0,25.5,0.0,14.0,3.7,140.0,1011.77,8.0
48551,สุราษฎร์ธานี,สุราษฎร์ธานี,9.13556,99.15194,2026-10-07T01:00:00,25.1,99.0,24.9,0.0,0.0,0.0,0.0,1013.52,9.0
48551,สุราษฎร์ธานี,สุราษฎร์ธานี,9.13556,99.15194,2026-10-07T04:00:00,24.7,99.0,24.5,0.0,0.0,0.0,0.0,1012.46,8.0
48551,สุราษฎร์ธานี,สุราษฎร์ธานี,9.13556,99.15194,2026-10-07T07:00:00,24.7,98.0,24.4,0.0,0.0,0.0,0.0,1014.58,10.0
48551,สุราษฎร์ธานี,สุราษฎร์ธานี,9.13556,99.15194,2026-10-07T10:00:00,30.6,88.0,28.4,0.0,0.0,5.6,180.0,1015.5,10.0
48551,สุราษฎร์ธานี,สุราษฎร์ธานี,9.13556,99.15194,2026-10-07T13:00:00,33.7,63.0,25.7,0.0,0.0,3.7,210.0,1013.63,10.0
48551,สุราษฎร์ธานี,สุราษฎร์ธานี,9.13556,99.15194,2026-10-07T16:00:00,25.2,98.0,24.9,2.0,2.0,11.1,200.0,1011.26,10.0
48552,นครศรีธรรมราช,นครศรีธรรมราช,8.53778,99.94722,2026-10-07T01:00:00,25.7,91.0,24.1,0.0,3.5,0.0,0.0,1009.89,10.0
48552,นครศรีธรรมราช,นครศรีธรรมราช,8.53778,99.94722,2026-10-07T04:00:00,25.2,92.0,23.9,0.0,2.8,0.0,0.0,1012.28,10.0
48552,นครศรีธรรมราช,นครศรีธรรมราช,8.53778,99.94722,2026-10-07T07:00:00,25.8,92.0,24.3,0.0,2.8,0.0,0.0,1013.74,10.0
48552,นครศรีธรรมราช,นครศรีธรรมราช,8.53778,99.94722,2026-10-07T10:00:00,32.2,70.0,25.9,0.0,2.8,3.7,50.0,1015.23,10.0
48552,นครศรีธรรมราช,นครศรีธรรมราช,8.53778,99.94722,2026-10-07T13:00:00,25.4,90.0,23.6,5.1,7.9,5.6,310.0,1013.27,8.0
48552,นครศรีธรรมราช,นครศรีธรรมราช,8.53778,99.94722,2026-10-07T16:00:00,29.6,78.0,25.3,0.2,5.3,3.7,230.0,1011.11,10.0
48554,นครศรีธรรมราช สกษ.,นครศรีธรรมราช,8.35931,100.0,2026-10-07T01:00:00,25.2,98.0,24.9,0.0,3.6,0.0,0.0,1013.71,10.0
48554,นครศรีธรรมราช สกษ.,นครศรีธรรมราช,8.35931,100.0,2026-10-07T04:00:00,24.7,99.0,24.5,0.0,2.4,0.0,0.0,1011.7,10.0
48554,นครศรีธรรมราช สกษ.,นครศรีธรรมราช,8.35931,100.0,2026-10-07T07:00:00,24.7,99.0,24.5,0.0,2.4,0.0,0.0,1014.16,10.0
48554,นครศรีธรรมราช สกษ.,นครศรีธรรมราช,8.35931,100.0,2026-10-07T10:00:00,31.8,70.0,25.6,0.0,2.4,0.0,0.0,1015.18,10.0
48554,นครศรีธรรมราช สกษ.,นครศรีธรรมราช,8.35931,100.0,2026-10-07T13:00:00,27.6,84.0,24.7,3.6,3.6,1.9,230.0,1013.32,8.0
48554,นครศรีธรรมราช สกษ.,นครศรีธรรมราช,8.35931,100.0,2026-10-07T16:00:00,27.6,86.0,25.0,12.0,15.6,0.0,0.0,1011.11,10.0
48555,สุราษฎร์ธานี สกษ.,สุราษฎร์ธานี,9.1,99.63333,2026-10-07T01:00:00,24.5,96.0,23.8,0.0,3.1,0.0,0.0,1014.86,8.0
48555,สุราษฎร์ธานี สกษ.,สุราษฎร์ธานี,9.1,99.63333,2026-10-07T04:00:00,24.1,97.0,23.5,0.0,3.1,0.0,0.0,1013.49,8.0
48555,สุราษฎร์ธานี สกษ.,สุราษฎร์ธานี,9.1,99.63333,2026-10-07T07:00:00,24.3,97.0,23.7,0.0,3.1,0.0,0.0,1015.66,8.0
48555,สุราษฎร์ธานี สกษ.,สุราษฎร์ธานี,9.1,99.63333,2026-10-07T10:00:00,29.5,79.0,25.5,0.0,3.1,0.0,0.0,1017.51,9.0
48555,สุราษฎร์ธานี สกษ.,สุราษฎร์ธานี,9.1,99.63333,2026-10-07T13:00:00,33.0,64.0,25.3,0.0,1.9,0.0,0.0,1014.61,10.0
48555,สุราษฎร์ธานี สกษ.,สุราษฎร์ธานี,9.1,99.63333,2026-10-07T16:00:00,28.7,79.0,24.7,0.0,0.01,0.0,0.0,1012.7,10.0
48556,พระแสง สอท.,สุราษฎร์ธานี,8.57022,99.25825,2026-10-07T01:00:00,25.0,94.0,24.0,0.0,0.0,0.0,0.0,1013.13,8.0
48556,พระแสง สอท.,สุราษฎร์ธานี,8.57022,99.25825,2026-10-07T04:00:00,24.4,96.0,23.7,0.0,0.0,0.0,0.0,1011.35,8.0
48556,พระแสง สอท.,สุราษฎร์ธานี,8.57022,99.25825,2026-10-07T07:00:00,24.6,96.0,23.9,0.0,0.0,0.0,0.0,1014.31,8.0
48556,พระแสง สอท.,สุราษฎร์ธานี,8.57022,99.25825,2026-10-07T10:00:00,30.5,66.0,23.4,0.0,0.0,0.0,0.0,1015.45,8.0
48556,พระแสง สอท.,สุราษฎร์ธานี,8.57022,99.25825,2026-10-07T13:00:00,31.5,65.0,24.0,0.0,0.0,0.0,0.0,1013.1,10.0
48556,พระแสง สอท.,สุราษฎร์ธานี,8.57022,99.25825,2026-10-07T16:00:00,30.5,67.0,23.7,0.0,0.0,0.0,0.0,1012.07,10.0
48557,ฉวาง,นครศรีธรรมราช,8.42472,99.50667,2026-10-07T01:00:00,24.8,98.0,24.5,0.0,18.6,0.0,0.0,1013.44,7.0
48557,ฉวาง,นครศรีธรรมราช,8.42472,99.50667,2026-10-07T04:00:00,24.4,98.0,24.1,0.0,18.6,0.0,0.0,1012.1,7.0
48557,ฉวาง,นครศรีธรรมราช,8.42472,99.50667,2026-10-07T07:00:00,24.5,98.0,24.2,0.0,18.6,0.0,0.0,1014.1,8.0
48557,ฉวาง,นครศรีธรรมราช,8.42472,99.50667,2026-10-07T10:00:00,31.0,72.0,25.4,0.0,18.6,0.0,0.0,1014.86,12.0
48557,ฉวาง,นครศรีธรรมราช,8.42472,99.50667,2026-10-07T13:00:00,30.2,79.0,26.1,0.0,18.6,3.7,340.0,1012.51,10.0
48557,ฉวาง,นครศรีธรรมราช,8.42472,99.50667,2026-10-07T16:00:00,29.6,79.0,25.5,0.0,0.0,5.6,90.0,1010.95,12.0
48560,พัทลุง สกษ.,พัทลุง,7.58333,100.16667,2026-10-07T01:00:00,25.2,100.0,25.2,0.0,0.0,0.0,0.0,1013.32,8.0
48560,พัทลุง สกษ.,พัทลุง,7.58333,100.16667,2026-10-07T04:00:00,24.6,100.0,24.6,0.0,0.0,0.0,0.0,1011.95,8.0
48560,พัทลุง สกษ.,พัทลุง,7.58333,100.16667,2026-10-07T07:00:00,25.1,100.0,25.1,0.0,0.0,0.0,0.0,1013.97,8.0
48560,พัทลุง สกษ.,พัทลุง,7.58333,100.16667,2026-10-07T10:00:00,32.4,71.0,26.6,0.0,0.0,0.0,0.0,1015.36,8.0
48560,พัทลุง สกษ.,พัทลุง,7.58333,100.16667,2026-10-07T13:00:00,34.2,65.0,26.6,0.0,0.0,1.9,320.0,1012.51,10.0
48560,พัทลุง สกษ.,พัทลุง,7.58333,100.16667,2026-10-07T16:00:00,29.1,84.0,26.1,0.0,0.0,0.0,0.0,1011.03,10.0
48561,ตะกั่วป่า,พังงา,8.68417,98.25222,2026-10-07T01:00:00,25.8,99.0,25.6,0.0,22.9,0.0,0.0,1013.1,10.0
48561,ตะกั่วป่า,พังงา,8.68417,98.25222,2026-10-07T04:00:00,25.1,99.0,24.9,0.0,22.9,0.0,0.0,1011.87,10.0
48561,ตะกั่วป่า,พังงา,8.68417,98.25222,2026-10-07T07:00:00,25.5,97.0,24.9,0.0,22.9,0.0,0.0,1013.6,10.0
48561,ตะกั่วป่า,พังงา,8.68417,98.25222,2026-10-07T10:00:00,31.0,75.0,26.1,0.0,22.9,7.4,220.0,1015.35,10.0
48561,ตะกั่วป่า,พังงา,8.68417,98.25222,2026-10-07T13:00:00,29.5,75.0,24.5,0.0,0.7,3.7,260.0,1013.12,10.0
48561,ตะกั่วป่า,พังงา,8.68417,98.25222,2026-10-07T16:00:00,30.1,87.0,27.6,0.0,0.0,3.7,240.0,1011.36,10.0
48563,กระบี่,กระบี่,8.10361,98.97528,2026-10-07T01:00:00,24.5,99.0,24.3,0.0,1.0,0.0,0.0,1013.56,10.0
48563,กระบี่,กระบี่,8.10361,98.97528,2026-10-07T04:00:00,24.0,99.0,23.8,0.0,1.0,0.0,0.0,1012.17,10.0
48563,กระบี่,กระบี่,8.10361,98.97528,2026-10-07T07:00:00,24.2,99.0,24.0,0.0,1.0,0.0,0.0,1014.26,10.0
48563,กระบี่,กระบี่,8.10361,98.97528,2026-10-07T10:00:00,31.0,77.0,26.4,0.0,1.0,0.0,0.0,1015.43,10.0
48563,กระบี่,กระบี่,8.10361,98.97528,2026-10-07T13:00:00,33.3,68.0,26.5,0.2,1.2,14.8,200.0,1013.08,10.0
48563,กระบี่,กระบี่,8.10361,98.97528,2026-10-07T16:00:00,29.4,82.0,26.0,0.0,1.2,5.6,230.0,1011.42,10.0
48564,ภูเก็ต,ภูเก็ต,7.88333,98.4,2026-10-07T01:00:00,25.1,95.0,24.2,4.4,4.8,0.0,0.0,1012.92,10.0
48564,ภูเก็ต,ภูเก็ต,7.88333,98.4,2026-10-07T04:00:00,25.1,96.0,24.4,0.0,4.8,0.0,0.0,1012.13,10.0
48564,ภูเก็ต,ภูเก็ต,7.88333,98.4,2026-10-07T07:00:00,25.3,96.0,24.6,0.0,4.8,0.0,0.0,1013.9,10.0
48564,ภูเก็ต,ภูเก็ต,7.88333,98.4,2026-10-07T10:00:00,31.4,70.0,25.3,0.0,4.8,0.0,0.0,1015.63,10.0
48564,ภูเก็ต,ภูเก็ต,7.88333,98.4,2026-10-07T13:00:00,31.9,69.0,25.4,0.4,5.2,7.4,40.0,1013.17,10.0
48564,ภูเก็ต,ภูเก็ต,7.88333,98.4,2026-10-07T16:00:00,32.0,68.0,25.2,0.0,4.8,9.3,300.0,1011.17,10.0
48565,ภูเก็ต (ศูนย์ฯ),ภูเก็ต,8.145,98.31444,2026-10-07T01:00:00,25.2,92.0,23.9,2.0,3.4,0.0,0.0,1013.03,10.0
48565,ภูเก็ต (ศูนย์ฯ),ภูเก็ต,8.145,98.31444,2026-10-07T04:00:00,25.1,94.0,24.1,0.0,3.4,0.0,0.0,1011.37,10.0
48565,ภูเก็ต (ศูนย์ฯ),ภูเก็ต,8.145,98.31444,2026-10-07T07:00:00,25.5,96.0,24.8,0.0,3.4,0.0,0.0,1013.41,10.0
48565,ภูเก็ต (ศูนย์ฯ),ภูเก็ต,8.145,98.31444,2026-10-07T10:00:00,30.6,65.0,23.4,0.0,3.4,5.6,270.0,1015.37,10.0
48565,ภูเก็ต (ศูนย์ฯ),ภูเก็ต,8.145,98.31444,2026-10-07T13:00:00,32.4,63.0,24.4,0.0,3.4,11.1,270.0,1012.98,10.0
48565,ภูเก็ต (ศูนย์ฯ),ภูเก็ต,8.145,98.31444,2026-10-07T16:00:00,31.3,67.0,24.5,0.0,2.0,5.6,300.0,1011.16,10.0
48566,เกาะลันตา,กระบี่,7.53333,99.05,2026-10-07T01:00:00,25.6,95.0,24.7,0.0,0.0,0.0,0.0,1013.41,10.0
48566,เกาะลันตา,กระบี่,7.53333,99.05,2026-10-07T04:00:00,25.9,96.0,25.2,0.0,0.0,0.0,0.0,1012.09,10.0
48566,เกาะลันตา,กระบี่,7.53333,99.05,2026-10-07T07:00:00,26.1,91.0,24.5,0.0,0.0,0.0,0.0,1014.08,10.0
48566,เกาะลันตา,กระบี่,7.53333,99.05,2026-10-07T10:00:00,30.8,75.0,25.7,0.0,0.0,0.0,0.0,1015.75,10.0
48566,เกาะลันตา,กระบี่,7.53333,99.05,2026-10-07T13:00:00,32.5,60.0,23.7,0.0,0.0,5.6,270.0,1013.07,10.0
48566,เกาะลันตา,กระบี่,7.53333,99.05,2026-10-07T16:00:00,30.2,69.0,23.9,0.0,0.0,7.4,240.0,1011.48,10.0
48567,ตรัง,ตรัง,7.51667,99.61667,2026-10-07T01:00:00,24.2,95.0,23.3,0.0,15.0,0.0,0.0,1013.19,8.0
48567,ตรัง,ตรัง,7.51667,99.61667,2026-10-07T04:00:00,24.1,95.0,23.2,0.0,15.0,0.0,0.0,1012.04,5.0
48567,ตรัง,ตรัง,7.51667,99.61667,2026-10-07T07:00:00,24.3,96.0,23.6,0.0,15.0,0.0,0.0,1014.2,0.8
48567,ตรัง,ตรัง,7.51667,99.61667,2026-10-07T10:00:00,31.2,71.0,25.3,0.0,15.0,0.0,0.0,1015.48,12.0
48567,ตรัง,ตรัง,7.51667,99.61667,2026-10-07T13:00:00,33.7,55.0,23.5,0.0,0.4,0.0,0.0,1013.69,8.0
48567,ตรัง,ตรัง,7.51667,99.61667,2026-10-07T16:00:00,30.2,74.0,25.1,1.2,1.2,0.0,0.0,1010.8,8.0
48568,สงขลา,สงขลา,7.18211,100.60769,2026-10-07T01:00:00,25.7,93.0,24.4,0.01,2.4,0.0,0.0,1011.65,10.0
48568,สงขลา,สงขลา,7.18211,100.60769,2026-10-07T04:00:00,25.3,93.0,24.1,0.0,2.2,0.0,0.0,1011.68,10.0
48568,สงขลา,สงขลา,7.18211,100.60769,2026-10-07T07:00:00,25.8,93.0,24.6,0.0,1.2,0.0,0.0,1014.34,7.0
48568,สงขลา,สงขลา,7.18211,100.60769,2026-10-07T10:00:00,29.0,76.0,24.4,0.0,1.2,0.0,0.0,1015.31,10.0
48568,สงขลา,สงขลา,7.18211,100.60769,2026-10-07T13:00:00,31.5,64.0,23.7,0.0,1.2,0.0,0.0,1012.4,10.0
48568,สงขลา,สงขลา,7.18211,100.60769,2026-10-07T16:00:00,30.7,72.0,25.0,0.0,0.01,0.0,0.0,1011.08,10.0
48569,หาดใหญ่,สงขลา,6.91667,100.43333,2026-10-07T01:00:00,25.5,95.0,24.6,0.0,10.6,1.9,990.0,1013.28,10.0
48569,หาดใหญ่,สงขลา,6.91667,100.43333,2026-10-07T04:00:00,24.6,96.0,23.9,0.0,10.6,3.7,990.0,1012.1,10.0
48569,หาดใหญ่,สงขลา,6.91667,100.43333,2026-10-07T07:00:00,25.2,90.0,23.4,0.0,10.6,1.9,990.0,1014.37,10.0
48569,หาดใหญ่,สงขลา,6.91667,100.43333,2026-10-07T10:00:00,29.6,75.0,24.6,0.0,10.6,1.9,990.0,1015.38,10.0
48569,หาดใหญ่,สงขลา,6.91667,100.43333,2026-10-07T13:00:00,31.7,65.0,24.4,0.0,1.2,11.1,330.0,1012.74,10.0
48569,หาดใหญ่,สงขลา,6.91667,100.43333,2026-10-07T16:00:00,28.2,78.0,24.0,0.0,0.0,9.3,130.0,1011.33,8.0
48570,สตูล,สตูล,6.65,100.08333,2026-10-07T01:00:00,25.4,97.0,24.8,0.0,0.0,0.0,0.0,1013.71,10.0
48570,สตูล,สตูล,6.65,100.08333,2026-10-07T04:00:00,25.1,97.0,24.5,0.0,0.0,0.0,0.0,1011.8,10.0
48570,สตูล,สตูล,6.65,100.08333,2026-10-07T07:00:00,25.4,97.0,24.8,0.0,0.0,0.0,0.0,1014.26,10.0
48570,สตูล,สตูล,6.65,100.08333,2026-10-07T10:00:00,32.7,76.0,27.9,0.0,0.0,0.0,0.0,1015.28,10.0
48570,สตูล,สตูล,6.65,100.08333,2026-10-07T13:00:00,33.1,73.0,27.6,0.0,0.0,0.0,0.0,1012.82,10.0
48570,สตูล,สตูล,6.65,100.08333,2026-10-07T16:00:00,32.1,78.0,27.7,0.0,0.0,7.4,230.0,1011.6,10.0
48571,คอหงษ์ สกษ.,สงขลา,7.0,100.5,2026-10-07T01:00:00,25.7,93.0,24.4,0.0,0.0,0.0,0.0,1013.07,9.0
48571,คอหงษ์ สกษ.,สงขลา,7.0,100.5,2026-10-07T04:00:00,25.1,96.0,24.4,0.0,0.0,0.0,0.0,1011.92,9.0
48571,คอหงษ์ สกษ.,สงขลา,7.0,100.5,2026-10-07T07:00:00,25.7,93.0,24.5,0.0,0.0,0.0,0.0,1014.37,10.0
48571,คอหงษ์ สกษ.,สงขลา,7.0,100.5,2026-10-07T10:00:00,30.6,67.0,23.7,0.0,0.0,0.0,0.0,1015.0,12.0
48571,คอหงษ์ สกษ.,สงขลา,7.0,100.5,2026-10-07T13:00:00,32.1,65.0,24.6,0.0,0.0,0.0,0.0,1012.13,12.0
48571,คอหงษ์ สกษ.,สงขลา,7.0,100.5,2026-10-07T16:00:00,30.2,69.0,23.9,0.0,0.0,0.0,0.0,1010.84,12.0
48574,สะเดา,สงขลา,6.79806,100.39056,2026-10-07T01:00:00,25.3,97.0,24.7,0.0,0.0,0.0,0.0,1013.21,10.0
48574,สะเดา,สงขลา,6.79806,100.39056,2026-10-07T04:00:00,25.0,97.0,24.4,0.0,0.0,0.0,0.0,1012.14,8.0
48574,สะเดา,สงขลา,6.79806,100.39056,2026-10-07T07:00:00,25.0,97.0,24.6,0.0,0.0,0.0,0.0,1014.34,4.0
48574,สะเดา,สงขลา,6.79806,100.39056,2026-10-07T10:00:00,30.1,79.0,26.0,0.0,0.0,0.0,0.0,1015.04,10.0
48574,สะเดา,สงขลา,6.79806,100.39056,2026-10-07T13:00:00,29.6,66.0,22.6,0.0,0.0,20.4,120.0,1012.55,10.0
48574,สะเดา,สงขลา,6.79806,100.39056,2026-10-07T16:00:00,27.4,81.0,23.8,0.0,0.0,0.0,0.0,1011.42,8.0
48580,ปัตตานี,ปัตตานี,6.78333,101.15,2026-10-07T07:00:00,24.4,97.0,23.8,0.0,0.0,0.0,0.0,1013.58,7.0
48580,ปัตตานี,ปัตตานี,6.78333,101.15,2026-10-07T10:00:00,30.8,75.0,25.7,0.0,0.0,0.0,0.0,1015.14,10.0
48580,ปัตตานี,ปัตตานี,6.78333,101.15,2026-10-07T13:00:00,32.2,67.0,25.3,0.0,0.0,14.8,70.0,1012.54,10.0
48580,ปัตตานี,ปัตตานี,6.78333,101.15,2026-10-07T16:00:00,30.7,74.0,25.5,0.0,0.0,11.1,300.0,1011.53,10.0
48581,ยะลา สกษ.,ยะลา,6.51667,101.28333,2026-10-07T07:00:00,25.1,98.0,24.8,0.0,0.0,0.0,0.0,1013.84,6.0
48581,ยะลา สกษ.,ยะลา,6.51667,101.28333,2026-10-07T10:00:00,31.5,73.0,26.0,0.0,0.0,0.0,0.0,1014.76,7.0
48581,ยะลา สกษ.,ยะลา,6.51667,101.28333,2026-10-07T13:00:00,34.2,65.0,26.7,0.0,0.0,0.0,0.0,1011.56,8.0
48581,ยะลา สกษ.,ยะลา,6.51667,101.28333,2026-10-07T16:00:00,29.0,86.0,26.3,0.0,0.0,0.0,0.0,1010.48,8.0
48583,นราธิวาส,นราธิวาส,6.41667,101.81667,2026-10-07T07:00:00,24.9,89.0,23.0,0.0,0.0,0.0,0.0,1014.04,10.0
48583,นราธิวาส,นราธิวาส,6.41667,101.81667,2026-10-07T10:00:00,31.3,64.0,23.7,0.0,0.0,0.0,0.0,1014.86,10.0
48583,นราธิวาส,นราธิวาส,6.41667,101.81667,2026-10-07T13:00:00,30.8,66.0,23.7,0.0,0.0,9.3,80.0,1011.89,10.0
48583,นราธิวาส,นราธิวาส,6.41667,101.81667,2026-10-07T16:00:00,30.9,68.0,24.3,0.0,0.0,7.4,80.0,1010.78,10.0
