id,time,rain_1h
1,2026-10-08T00:00:00,0.2
1,2026-10-08T01:00:00,0.2
1,2026-10-08T02:00:00,0.2
1,2026-10-08T03:00:00,0.0
1,2026-10-08T04:00:00,0.2
1,2026-10-08T05:00:00,0.2
1,2026-10-08T06:00:00,0.2
1,2026-10-08T07:00:00,0.2
1,2026-10-08T08:00:00,0.2
1,2026-10-08T09:00:00,0.2
1,2026-10-08T10:00:00,0.2
1,2026-10-08T11:00:00,0.2
1,2026-10-08T12:00:00,0.2
10,2026-10-08T00:00:00,0.0
10,2026-10-08T01:00:00,0.0
10,2026-10-08T02:00:00,0.0
10,2026-10-08T03:00:00,0.0
10,2026-10-08T04:00:00,0.0
10,2026-10-08T05:00:00,0.0
10,2026-10-08T06:00:00,0.0
10,2026-10-08T07:00:00,0.0
10,2026-10-08T08:00:00,0.0
10,2026-10-08T09:00:00,0.0
10,2026-10-08T10:00:00,0.0
10,2026-10-08T11:00:00,0.0
10,2026-10-08T12:00:00,0.0
2,2026-10-08T00:00:00,0.0
2,2026-10-08T01:00:00,0.0
2,2026-10-08T02:00:00,0.0
2,2026-10-08T03:00:00,0.0
2,2026-10-08T04:00:00,0.0
2,2026-10-08T05:00:00,0.0
2,2026-10-08T06:00:00,0.0
2,2026-10-08T07:00:00,0.0
2,2026-10-08T08:00:00,0.0
2,2026-10-08T09:00:00,0.0
2,2026-10-08T10:00:00,0.0
2,2026-10-08T11:00:00,0.0
2,2026-10-08T12:00:00,0.0
26,2026-10-08T02:00:00,0.0
26,2026-10-08T03:00:00,0.0
26,2026-10-08T07:00:00,0.0
26,2026-10-08T08:00:00,0.0
26,2026-10-08T09:00:00,0.0
26,2026-10-08T12:00:00,0.0
27,2026-10-08T00:00:00,0.0
27,2026-10-08T01:00:00,0.0
27,2026-10-08T02:00:00,0.0
27,2026-10-08T03:00:00,0.0
27,2026-10-08T04:00:00,0.0
27,2026-10-08T05:00:00,0.0
27,2026-10-08T06:00:00,0.0
27,2026-10-08T07:00:00,0.0
27,2026-10-08T08:00:00,0.0
27,2026-10-08T09:00:00,0.0
27,2026-10-08T10:00:00,0.0
27,2026-10-08T11:00:00,0.0
27,2026-10-08T12:00:00,0.0
3,2026-10-08T00:00:00,0.0
3,2026-10-08T01:00:00,0.0
3,2026-10-08T02:00:00,0.0
3,2026-10-08T03:00:00,0.0
3,2026-10-08T04:00:00,0.0
3,2026-10-08T05:00:00,0.0
3,2026-10-08T06:00:00,0.0
3,2026-10-08T07:00:00,0.0
3,2026-10-08T08:00:00,0.0
3,2026-10-08T09:00:00,0.0
3,2026-10-08T10:00:00,0.0
3,2026-10-08T11:00:00,0.0
3,2026-10-08T12:00:00,0.0
37,2026-10-08T00:00:00,0.0
37,2026-10-08T01:00:00,0.0
37,2026-10-08T02:00:00,0.0
37,2026-10-08T03:00:00,0.0
37,2026-10-08T04:00:00,0.0
37,2026-10-08T05:00:00,0.0
37,2026-10-08T06:00:00,0.0
37,2026-10-08T07:00:00,0.0
37,2026-10-08T08:00:00,0.0
37,2026-10-08T09:00:00,0.0
37,2026-10-08T10:00:00,0.0
37,2026-10-08T11:00:00,0.0
37,2026-10-08T12:00:00,0.0
4,2026-10-08T00:00:00,0.0
4,2026-10-08T01:00:00,0.0
4,2026-10-08T02:00:00,0.0
4,2026-10-08T03:00:00,0.0
4,2026-10-08T04:00:00,0.0
4,2026-10-08T05:00:00,0.0
4,2026-10-08T06:00:00,0.0
4,2026-10-08T07:00:00,0.0
4,2026-10-08T08:00:00,0.0
4,2026-10-08T09:00:00,0.0
4,2026-10-08T10:00:00,0.0
4,2026-10-08T11:00:00,0.0
4,2026-10-08T12:00:00,0.0
492334,2026-10-08T00:00:00,0.0
492334,2026-10-08T01:00:00,0.0
492334,2026-10-08T02:00:00,0.0
492334,2026-10-08T03:00:00,0.0
492334,2026-10-08T04:00:00,0.0
492334,2026-10-08T05:00:00,0.0
492334,2026-10-08T06:00:00,0.0
492334,2026-10-08T07:00:00,0.0
492334,2026-10-08T08:00:00,0.0
492334,2026-10-08T09:00:00,0.0
492334,2026-10-08T10:00:00,0.0
492334,2026-10-08T11:00:00,0.0
492334,2026-10-08T12:00:00,0.0
5,2026-10-08T00:00:00,0.0
5,2026-10-08T01:00:00,0.0
5,2026-10-08T02:00:00,0.0
5,2026-10-08T03:00:00,0.0
5,2026-10-08T04:00:00,0.0
5,2026-10-08T05:00:00,0.0
5,2026-10-08T06:00:00,0.0
5,2026-10-08T07:00:00,0.0
5,2026-10-08T08:00:00,0.0
5,2026-10-08T09:00:00,0.0
5,2026-10-08T10:00:00,0.0
5,2026-10-08T11:00:00,0.0
5,2026-10-08T12:00:00,0.0
575566,2026-10-08T00:00:00,0.0
575566,2026-10-08T01:00:00,0.0
575566,2026-10-08T02:00:00,0.0
575566,2026-10-08T03:00:00,0.0
575566,2026-10-08T04:00:00,0.0
575566,2026-10-08T05:00:00,0.0
575566,2026-10-08T06:00:00,0.0
575566,2026-10-08T07:00:00,0.0
575566,2026-10-08T08:00:00,0.0
575566,2026-10-08T09:00:00,0.0
575566,2026-10-08T10:00:00,0.0
575566,2026-10-08T11:00:00,0.0
575566,2026-10-08T12:00:00,0.0
575571,2026-10-08T00:00:00,0.0
575571,2026-10-08T01:00:00,0.0
575571,2026-10-08T02:00:00,0.0
575571,2026-10-08T03:00:00,0.0
575571,2026-10-08T04:00:00,0.0
575571,2026-10-08T05:00:00,0.0
575571,2026-10-08T06:00:00,0.0
575571,2026-10-08T07:00:00,0.0
575571,2026-10-08T08:00:00,0.0
575571,2026-10-08T09:00:00,0.0
575571,2026-10-08T10:00:00,0.0
575571,2026-10-08T11:00:00,0.0
575571,2026-10-08T12:00:00,0.0
575572,2026-10-08T00:00:00,0.0
575572,2026-10-08T01:00:00,0.0
575572,2026-10-08T02:00:00,0.0
575572,2026-10-08T03:00:00,0.0
575572,2026-10-08T04:00:00,0.0
575572,2026-10-08T05:00:00,0.0
575572,2026-10-08T06:00:00,0.0
575572,2026-10-08T07:00:00,0.0
575572,2026-10-08T08:00:00,0.0
575572,2026-10-08T09:00:00,0.0
748,2026-10-08T00:00:00,0.0
748,2026-10-08T01:00:00,0.0
748,2026-10-08T02:00:00,0.0
748,2026-10-08T03:00:00,0.0
748,2026-10-08T04:00:00,0.0
748,2026-10-08T05:00:00,0.0
748,2026-10-08T06:00:00,0.0
748,2026-10-08T07:00:00,0.0
748,2026-10-08T08:00:00,0.0
748,2026-10-08T09:00:00,0.0
748,2026-10-08T10:00:00,0.0
748,2026-10-08T11:00:00,0.0
748,2026-10-08T12:00:00,0.0
750,2026-10-08T00:00:00,0.0
750,2026-10-08T01:00:00,0.0
750,2026-10-08T02:00:00,0.0
750,2026-10-08T03:00:00,0.0
750,2026-10-08T04:00:00,0.0
750,2026-10-08T05:00:00,0.0
750,2026-10-08T06:00:00,0.0
750,2026-10-08T07:00:00,0.0
750,2026-10-08T08:00:00,0.0
750,2026-10-08T09:00:00,0.0
750,2026-10-08T10:00:00,0.0
750,2026-10-08T11:00:00,0.0
750,2026-10-08T12:00:00,0.0
751,2026-10-08T00:00:00,0.0
751,2026-10-08T01:00:00,0.0
751,2026-10-08T02:00:00,0.0
751,2026-10-08T03:00:00,0.0
751,2026-10-08T04:00:00,0.0
751,2026-10-08T05:00:00,0.0
751,2026-10-08T06:00:00,0.0
751,2026-10-08T07:00:00,0.0
751,2026-10-08T08:00:00,0.0
751,2026-10-08T09:00:00,0.0
751,2026-10-08T10:00:00,0.0
751,2026-10-08T11:00:00,0.0
751,2026-10-08T12:00:00,0.0
752,2026-10-08T00:00:00,0.0
752,2026-10-08T01:00:00,0.0
752,2026-10-08T02:00:00,0.0
752,2026-10-08T03:00:00,0.0
752,2026-10-08T04:00:00,0.0
752,2026-10-08T05:00:00,0.0
752,2026-10-08T06:00:00,0.0
752,2026-10-08T07:00:00,0.0
752,2026-10-08T08:00:00,0.0
752,2026-10-08T09:00:00,0.0
752,2026-10-08T10:00:00,0.0
752,2026-10-08T11:00:00,0.0
752,2026-10-08T12:00:00,0.0
753,2026-10-08T00:00:00,0.0
753,2026-10-08T01:00:00,0.0
753,2026-10-08T02:00:00,0.0
753,2026-10-08T03:00:00,0.0
753,2026-10-08T04:00:00,0.0
753,2026-10-08T05:00:00,0.0
753,2026-10-08T06:00:00,0.0
753,2026-10-08T07:00:00,0.0
753,2026-10-08T08:00:00,0.0
753,2026-10-08T09:00:00,0.0
753,2026-10-08T10:00:00,0.0
753,2026-10-08T11:00:00,0.0
753,2026-10-08T12:00:00,0.0
754,2026-10-08T00:00:00,0.0
754,2026-10-08T01:00:00,0.0
754,2026-10-08T02:00:00,0.0
754,2026-10-08T03:00:00,0.0
754,2026-10-08T04:00:00,0.0
754,2026-10-08T05:00:00,0.0
754,2026-10-08T06:00:00,0.0
754,2026-10-08T07:00:00,0.0
754,2026-10-08T08:00:00,0.0
754,2026-10-08T09:00:00,0.0
754,2026-10-08T10:00:00,0.0
754,2026-10-08T11:00:00,0.0
754,2026-10-08T12:00:00,0.0
8,2026-10-08T00:00:00,0.0
8,2026-10-08T01:00:00,0.0
8,2026-10-08T02:00:00,0.0
8,2026-10-08T03:00:00,0.0
8,2026-10-08T04:00:00,0.0
8,2026-10-08T05:00:00,0.0
8,2026-10-08T06:00:00,0.0
8,2026-10-08T07:00:00,0.0
8,2026-10-08T08:00:00,0.0
8,2026-10-08T09:00:00,0.0
8,2026-10-08T10:00:00,0.0
8,2026-10-08T11:00:00,0.0
8,2026-10-08T12:00:00,0.0
852087,2026-10-08T00:00:00,0.0
852087,2026-10-08T01:00:00,0.0
852087,2026-10-08T02:00:00,0.0
852087,2026-10-08T03:00:00,0.0
852087,2026-10-08T04:00:00,0.0
852087,2026-10-08T05:00:00,0.0
852087,2026-10-08T06:00:00,0.0
852087,2026-10-08T07:00:00,0.0
852087,2026-10-08T08:00:00,0.0
852087,2026-10-08T09:00:00,0.0
852087,2026-10-08T10:00:00,0.0
852087,2026-10-08T11:00:00,0.0
852087,2026-10-08T12:00:00,0.0
