point,lat,lon,day,domain_km,start,end,low,high,mid,init
กรุงเทพมหานคร,13.75398,100.50144,1,3,2026-10-01 19:00:00,2026-10-02 19:00:00,1.0,5.0,3.0,2026-10-01 19:00:00
พระนครศรีอยุธยา,14.35167,100.57739,1,3,2026-10-01 19:00:00,2026-10-02 19:00:00,1.0,5.0,3.0,2026-10-01 19:00:00
โทรมาตรปตร.กระมัง (ปากคลองข้าวเม่า) (ต.หัวรอ อ.พระนครศรีอยุธยา),14.355055,100.58354,1,3,2026-10-01 19:00:00,2026-10-02 19:00:00,1.0,5.0,3.0,2026-10-01 19:00:00
โทรมาตรอโศก (ต.คลองเตยเหนือ อ.วัฒนา),13.74325,100.562164,1,3,2026-10-01 19:00:00,2026-10-02 19:00:00,5.0,10.0,7.5,2026-10-01 19:00:00
โทรมาตรกรมทรัพยากรน้ำ (ต.สามเสนใน อ.พญาไท),13.785535,100.53908,1,3,2026-10-01 19:00:00,2026-10-02 19:00:00,1.0,5.0,3.0,2026-10-01 19:00:00
โทรมาตรสะพานกรุงเทพ (ต.ดาวคะนอง อ.ธนบุรี),13.700301,100.49277,1,3,2026-10-01 19:00:00,2026-10-02 19:00:00,1.0,5.0,3.0,2026-10-01 19:00:00
โทรมาตรคลองมหาสวัสดิ บางกรวย-สวนผัก (ต.ตลิ่งชัน อ.ตลิ่งชัน),13.79965,100.43863,1,3,2026-10-01 19:00:00,2026-10-02 19:00:00,5.0,10.0,7.5,2026-10-01 19:00:00
โทรมาตรปตร.วัดบางกระเจ้านอก (ต.บางกระเจ้า อ.พระประแดง),13.689612,100.554886,1,3,2026-10-01 19:00:00,2026-10-02 19:00:00,1.0,5.0,3.0,2026-10-01 19:00:00
โทรมาตรปตร. คลองแพ (ต.บางกอบัว อ.พระประแดง),13.694974,100.58231,1,3,2026-10-01 19:00:00,2026-10-02 19:00:00,1.0,5.0,3.0,2026-10-01 19:00:00
โทรมาตรตลาดน้ำบางน้ำผึ้ง (ต.บางน้ำผึ้ง อ.พระประแดง),13.678656,100.57356,1,3,2026-10-01 19:00:00,2026-10-02 19:00:00,5.0,10.0,7.5,2026-10-01 19:00:00
โทรมาตรคลองแสนแสบ บางกะปิ (ต.หัวหมาก อ.บางกะปิ),13.76131,100.61601,1,3,2026-10-01 19:00:00,2026-10-02 19:00:00,1.0,5.0,3.0,2026-10-01 19:00:00
โทรมาตรอาคารเลขที่ ๙๐๑ (ต.ลาดยาว อ.จตุจักร),13.85604,100.57558,1,3,2026-10-01 19:00:00,2026-10-02 19:00:00,1.0,5.0,3.0,2026-10-01 19:00:00
โทรมาตรคลองภาษีเจริญ เพชรเกษม69 (ต.หลักสอง อ.บางแค),13.69158,100.38127,1,3,2026-10-01 19:00:00,2026-10-02 19:00:00,1.0,5.0,3.0,2026-10-01 19:00:00
โทรมาตรกรุงเทพฯ บางนา สกษ. (ต.บางนา อ.บางนา),13.66639,100.60611,1,3,2026-10-01 19:00:00,2026-10-02 19:00:00,1.0,5.0,3.0,2026-10-01 19:00:00
โทรมาตรสนามบินดอนเมือง (ต.สีกัน อ.ดอนเมือง),13.91917,100.605,1,3,2026-10-01 19:00:00,2026-10-02 19:00:00,1.0,5.0,3.0,2026-10-01 19:00:00
โทรมาตรสะพานนวลฉวี (ต.บ้านใหม่ อ.ปากเกร็ด),13.94749,100.53507,1,3,2026-10-01 19:00:00,2026-10-02 19:00:00,5.0,10.0,7.5,2026-10-01 19:00:00
โทรมาตรคลองลาดพร้าว ท้ายปตร.คลอง2 (ต.สายไหม อ.สายไหม),13.92245,100.63438,1,3,2026-10-01 19:00:00,2026-10-02 19:00:00,1.0,5.0,3.0,2026-10-01 19:00:00
โทรมาตรคลองมหาชัย วัดพันท้ายนรสิงห์ (ต.พันท้ายนรสิงห์ อ.เมืองสมุทรสาคร),13.58184,100.36587,1,3,2026-10-01 19:00:00,2026-10-02 19:00:00,0.0,1.0,0.5,2026-10-01 19:00:00
โทรมาตรคลองเปรมประชากร หลักหก (ต.หลักหก อ.เมืองปทุมธานี),13.96562,100.60262,1,3,2026-10-01 19:00:00,2026-10-02 19:00:00,5.0,10.0,7.5,2026-10-01 19:00:00
โทรมาตรคลองลำปลาทิว ลาดกระบัง (ต.ลาดกระบัง อ.ลาดกระบัง),13.7407,100.79468,1,3,2026-10-01 19:00:00,2026-10-02 19:00:00,1.0,5.0,3.0,2026-10-01 19:00:00
โทรมาตรสะพานนครชัยศรี (ต.ไทยาวาส อ.นครชัยศรี),13.79217,100.19817,1,3,2026-10-01 19:00:00,2026-10-02 19:00:00,1.0,5.0,3.0,2026-10-01 19:00:00
โทรมาตรเมืองสมุทรสาคร (ต.ท่าจีน อ.เมืองสมุทรสาคร),13.58598,100.23048,1,3,2026-10-01 19:00:00,2026-10-02 19:00:00,0.0,1.0,0.5,2026-10-01 19:00:00
โทรมาตรปากแม่น้ำท่าจีน (ต.บางหญ้าแพรก อ.เมืองสมุทรสาคร),13.5178,100.27499,1,3,2026-10-01 19:00:00,2026-10-02 19:00:00,0.0,1.0,0.5,2026-10-01 19:00:00
โทรมาตรคลองหกวา ลำลูกกา คลอง8 (ต.ลำลูกกา อ.ลำลูกกา),13.9416,100.77499,1,3,2026-10-01 19:00:00,2026-10-02 19:00:00,1.0,5.0,3.0,2026-10-01 19:00:00
โทรมาตรปทุมธานี สกษ. (ต.คลองหนึ่ง อ.คลองหลวง),14.1,100.61667,1,3,2026-10-01 19:00:00,2026-10-02 19:00:00,1.0,5.0,3.0,2026-10-01 19:00:00
โทรมาตรอบต.บางกระเจ้า (ต.บางกระเจ้า อ.เมืองสมุทรสาคร),13.52146,100.19283,1,3,2026-10-01 19:00:00,2026-10-02 19:00:00,0.0,1.0,0.5,2026-10-01 19:00:00
โทรมาตรบ้านแพ้ว (ต.หนองบัว อ.บ้านแพ้ว),13.57563,100.07884,1,3,2026-10-01 19:00:00,2026-10-02 19:00:00,0.0,1.0,0.5,2026-10-01 19:00:00
กรุงเทพมหานคร,13.75398,100.50144,2,3,2026-10-02 19:00:00,2026-10-03 19:00:00,5.0,10.0,7.5,2026-10-01 19:00:00
พระนครศรีอยุธยา,14.35167,100.57739,2,3,2026-10-02 19:00:00,2026-10-03 19:00:00,1.0,5.0,3.0,2026-10-01 19:00:00
โทรมาตรปตร.กระมัง (ปากคลองข้าวเม่า) (ต.หัวรอ อ.พระนครศรีอยุธยา),14.355055,100.58354,2,3,2026-10-02 19:00:00,2026-10-03 19:00:00,5.0,10.0,7.5,2026-10-01 19:00:00
โทรมาตรอโศก (ต.คลองเตยเหนือ อ.วัฒนา),13.74325,100.562164,2,3,2026-10-02 19:00:00,2026-10-03 19:00:00,10.0,20.0,15.0,2026-10-01 19:00:00
โทรมาตรกรมทรัพยากรน้ำ (ต.สามเสนใน อ.พญาไท),13.785535,100.53908,2,3,2026-10-02 19:00:00,2026-10-03 19:00:00,10.0,20.0,15.0,2026-10-01 19:00:00
โทรมาตรสะพานกรุงเทพ (ต.ดาวคะนอง อ.ธนบุรี),13.700301,100.49277,2,3,2026-10-02 19:00:00,2026-10-03 19:00:00,5.0,10.0,7.5,2026-10-01 19:00:00
โทรมาตรคลองมหาสวัสดิ บางกรวย-สวนผัก (ต.ตลิ่งชัน อ.ตลิ่งชัน),13.79965,100.43863,2,3,2026-10-02 19:00:00,2026-10-03 19:00:00,10.0,20.0,15.0,2026-10-01 19:00:00
โทรมาตรปตร.วัดบางกระเจ้านอก (ต.บางกระเจ้า อ.พระประแดง),13.689612,100.554886,2,3,2026-10-02 19:00:00,2026-10-03 19:00:00,5.0,10.0,7.5,2026-10-01 19:00:00
โทรมาตรตลาดน้ำบางน้ำผึ้ง (ต.บางน้ำผึ้ง อ.พระประแดง),13.678656,100.57356,2,3,2026-10-02 19:00:00,2026-10-03 19:00:00,1.0,5.0,3.0,2026-10-01 19:00:00
โทรมาตรคลองแสนแสบ บางกะปิ (ต.หัวหมาก อ.บางกะปิ),13.76131,100.61601,2,3,2026-10-02 19:00:00,2026-10-03 19:00:00,70.0,90.0,80.0,2026-10-01 19:00:00
โทรมาตรคลองภาษีเจริญ เพชรเกษม69 (ต.หลักสอง อ.บางแค),13.69158,100.38127,2,3,2026-10-02 19:00:00,2026-10-03 19:00:00,5.0,10.0,7.5,2026-10-01 19:00:00
โทรมาตรกรุงเทพฯ บางนา สกษ. (ต.บางนา อ.บางนา),13.66639,100.60611,2,3,2026-10-02 19:00:00,2026-10-03 19:00:00,1.0,5.0,3.0,2026-10-01 19:00:00
โทรมาตรสนามบินดอนเมือง (ต.สีกัน อ.ดอนเมือง),13.91917,100.605,2,3,2026-10-02 19:00:00,2026-10-03 19:00:00,20.0,35.0,27.5,2026-10-01 19:00:00
โทรมาตรสะพานนวลฉวี (ต.บ้านใหม่ อ.ปากเกร็ด),13.94749,100.53507,2,3,2026-10-02 19:00:00,2026-10-03 19:00:00,10.0,20.0,15.0,2026-10-01 19:00:00
โทรมาตรคลองลาดพร้าว ท้ายปตร.คลอง2 (ต.สายไหม อ.สายไหม),13.92245,100.63438,2,3,2026-10-02 19:00:00,2026-10-03 19:00:00,20.0,35.0,27.5,2026-10-01 19:00:00
โทรมาตรคลองมหาชัย วัดพันท้ายนรสิงห์ (ต.พันท้ายนรสิงห์ อ.เมืองสมุทรสาคร),13.58184,100.36587,2,3,2026-10-02 19:00:00,2026-10-03 19:00:00,1.0,5.0,3.0,2026-10-01 19:00:00
โทรมาตรคลองเปรมประชากร หลักหก (ต.หลักหก อ.เมืองปทุมธานี),13.96562,100.60262,2,3,2026-10-02 19:00:00,2026-10-03 19:00:00,20.0,35.0,27.5,2026-10-01 19:00:00
โทรมาตรคลองลำปลาทิว ลาดกระบัง (ต.ลาดกระบัง อ.ลาดกระบัง),13.7407,100.79468,2,3,2026-10-02 19:00:00,2026-10-03 19:00:00,20.0,35.0,27.5,2026-10-01 19:00:00
โทรมาตรสะพานนครชัยศรี (ต.ไทยาวาส อ.นครชัยศรี),13.79217,100.19817,2,3,2026-10-02 19:00:00,2026-10-03 19:00:00,1.0,5.0,3.0,2026-10-01 19:00:00
โทรมาตรเมืองสมุทรสาคร (ต.ท่าจีน อ.เมืองสมุทรสาคร),13.58598,100.23048,2,3,2026-10-02 19:00:00,2026-10-03 19:00:00,1.0,5.0,3.0,2026-10-01 19:00:00
โทรมาตรปากแม่น้ำท่าจีน (ต.บางหญ้าแพรก อ.เมืองสมุทรสาคร),13.5178,100.27499,2,3,2026-10-02 19:00:00,2026-10-03 19:00:00,1.0,5.0,3.0,2026-10-01 19:00:00
โทรมาตรคลองหกวา ลำลูกกา คลอง8 (ต.ลำลูกกา อ.ลำลูกกา),13.9416,100.77499,2,3,2026-10-02 19:00:00,2026-10-03 19:00:00,5.0,10.0,7.5,2026-10-01 19:00:00
โทรมาตรปทุมธานี สกษ. (ต.คลองหนึ่ง อ.คลองหลวง),14.1,100.61667,2,3,2026-10-02 19:00:00,2026-10-03 19:00:00,10.0,20.0,15.0,2026-10-01 19:00:00
โทรมาตรอบต.บางกระเจ้า (ต.บางกระเจ้า อ.เมืองสมุทรสาคร),13.52146,100.19283,2,3,2026-10-02 19:00:00,2026-10-03 19:00:00,0.0,1.0,0.5,2026-10-01 19:00:00
โทรมาตรบ้านแพ้ว (ต.หนองบัว อ.บ้านแพ้ว),13.57563,100.07884,2,3,2026-10-02 19:00:00,2026-10-03 19:00:00,0.0,1.0,0.5,2026-10-01 19:00:00
กรุงเทพมหานคร,13.75398,100.50144,3,3,2026-10-03 19:00:00,2026-10-04 19:00:00,10.0,20.0,15.0,2026-10-01 19:00:00
พระนครศรีอยุธยา,14.35167,100.57739,3,3,2026-10-03 19:00:00,2026-10-04 19:00:00,5.0,10.0,7.5,2026-10-01 19:00:00
โทรมาตรปตร.กระมัง (ปากคลองข้าวเม่า) (ต.หัวรอ อ.พระนครศรีอยุธยา),14.355055,100.58354,3,3,2026-10-03 19:00:00,2026-10-04 19:00:00,5.0,10.0,7.5,2026-10-01 19:00:00
โทรมาตรกรมทรัพยากรน้ำ (ต.สามเสนใน อ.พญาไท),13.785535,100.53908,3,3,2026-10-03 19:00:00,2026-10-04 19:00:00,70.0,90.0,80.0,2026-10-01 19:00:00
โทรมาตรสะพานกรุงเทพ (ต.ดาวคะนอง อ.ธนบุรี),13.700301,100.49277,3,3,2026-10-03 19:00:00,2026-10-04 19:00:00,10.0,20.0,15.0,2026-10-01 19:00:00
โทรมาตรคลองมหาสวัสดิ บางกรวย-สวนผัก (ต.ตลิ่งชัน อ.ตลิ่งชัน),13.79965,100.43863,3,3,2026-10-03 19:00:00,2026-10-04 19:00:00,70.0,90.0,80.0,2026-10-01 19:00:00
โทรมาตรปตร.วัดบางกระเจ้านอก (ต.บางกระเจ้า อ.พระประแดง),13.689612,100.554886,3,3,2026-10-03 19:00:00,2026-10-04 19:00:00,10.0,20.0,15.0,2026-10-01 19:00:00
โทรมาตรปตร. คลองแพ (ต.บางกอบัว อ.พระประแดง),13.694974,100.58231,3,3,2026-10-03 19:00:00,2026-10-04 19:00:00,10.0,20.0,15.0,2026-10-01 19:00:00
โทรมาตรตลาดน้ำบางน้ำผึ้ง (ต.บางน้ำผึ้ง อ.พระประแดง),13.678656,100.57356,3,3,2026-10-03 19:00:00,2026-10-04 19:00:00,5.0,10.0,7.5,2026-10-01 19:00:00
โทรมาตรอาคารเลขที่ ๙๐๑ (ต.ลาดยาว อ.จตุจักร),13.85604,100.57558,3,3,2026-10-03 19:00:00,2026-10-04 19:00:00,70.0,90.0,80.0,2026-10-01 19:00:00
โทรมาตรคลองภาษีเจริญ เพชรเกษม69 (ต.หลักสอง อ.บางแค),13.69158,100.38127,3,3,2026-10-03 19:00:00,2026-10-04 19:00:00,10.0,20.0,15.0,2026-10-01 19:00:00
โทรมาตรกรุงเทพฯ บางนา สกษ. (ต.บางนา อ.บางนา),13.66639,100.60611,3,3,2026-10-03 19:00:00,2026-10-04 19:00:00,5.0,10.0,7.5,2026-10-01 19:00:00
โทรมาตรสนามบินดอนเมือง (ต.สีกัน อ.ดอนเมือง),13.91917,100.605,3,3,2026-10-03 19:00:00,2026-10-04 19:00:00,20.0,35.0,27.5,2026-10-01 19:00:00
โทรมาตรสะพานนวลฉวี (ต.บ้านใหม่ อ.ปากเกร็ด),13.94749,100.53507,3,3,2026-10-03 19:00:00,2026-10-04 19:00:00,20.0,35.0,27.5,2026-10-01 19:00:00
โทรมาตรคลองลาดพร้าว ท้ายปตร.คลอง2 (ต.สายไหม อ.สายไหม),13.92245,100.63438,3,3,2026-10-03 19:00:00,2026-10-04 19:00:00,20.0,35.0,27.5,2026-10-01 19:00:00
โทรมาตรคลองมหาชัย วัดพันท้ายนรสิงห์ (ต.พันท้ายนรสิงห์ อ.เมืองสมุทรสาคร),13.58184,100.36587,3,3,2026-10-03 19:00:00,2026-10-04 19:00:00,5.0,10.0,7.5,2026-10-01 19:00:00
โทรมาตรคลองเปรมประชากร หลักหก (ต.หลักหก อ.เมืองปทุมธานี),13.96562,100.60262,3,3,2026-10-03 19:00:00,2026-10-04 19:00:00,20.0,35.0,27.5,2026-10-01 19:00:00
โทรมาตรคลองลำปลาทิว ลาดกระบัง (ต.ลาดกระบัง อ.ลาดกระบัง),13.7407,100.79468,3,3,2026-10-03 19:00:00,2026-10-04 19:00:00,5.0,10.0,7.5,2026-10-01 19:00:00
โทรมาตรสะพานนครชัยศรี (ต.ไทยาวาส อ.นครชัยศรี),13.79217,100.19817,3,3,2026-10-03 19:00:00,2026-10-04 19:00:00,1.0,5.0,3.0,2026-10-01 19:00:00
โทรมาตรเมืองสมุทรสาคร (ต.ท่าจีน อ.เมืองสมุทรสาคร),13.58598,100.23048,3,3,2026-10-03 19:00:00,2026-10-04 19:00:00,1.0,5.0,3.0,2026-10-01 19:00:00
โทรมาตรปากแม่น้ำท่าจีน (ต.บางหญ้าแพรก อ.เมืองสมุทรสาคร),13.5178,100.27499,3,3,2026-10-03 19:00:00,2026-10-04 19:00:00,5.0,10.0,7.5,2026-10-01 19:00:00
โทรมาตรคลองหกวา ลำลูกกา คลอง8 (ต.ลำลูกกา อ.ลำลูกกา),13.9416,100.77499,3,3,2026-10-03 19:00:00,2026-10-04 19:00:00,5.0,10.0,7.5,2026-10-01 19:00:00
โทรมาตรปทุมธานี สกษ. (ต.คลองหนึ่ง อ.คลองหลวง),14.1,100.61667,3,3,2026-10-03 19:00:00,2026-10-04 19:00:00,10.0,20.0,15.0,2026-10-01 19:00:00
โทรมาตรอบต.บางกระเจ้า (ต.บางกระเจ้า อ.เมืองสมุทรสาคร),13.52146,100.19283,3,3,2026-10-03 19:00:00,2026-10-04 19:00:00,1.0,5.0,3.0,2026-10-01 19:00:00
โทรมาตรบ้านแพ้ว (ต.หนองบัว อ.บ้านแพ้ว),13.57563,100.07884,3,3,2026-10-03 19:00:00,2026-10-04 19:00:00,1.0,5.0,3.0,2026-10-01 19:00:00
