id,name,area,agency,province,lat,lon,time,rain_24h
1,คลองลาดพร้าว วัดบางบัว,ต.อนุสาวรีย์ อ.บางเขน,สสน.,กรุงเทพมหานคร,13.85402,100.58746,2026-10-07T00:00:00,4.4
1,คลองลาดพร้าว วัดบางบัว,ต.อนุสาวรีย์ อ.บางเขน,สสน.,กรุงเทพมหานคร,13.85402,100.58746,2026-10-07T01:00:00,4.4
1,คลองลาดพร้าว วัดบางบัว,ต.อนุสาวรีย์ อ.บางเขน,สสน.,กรุงเทพมหานคร,13.85402,100.58746,2026-10-07T02:00:00,4.4
1,คลองลาดพร้าว วัดบางบัว,ต.อนุสาวรีย์ อ.บางเขน,สสน.,กรุงเทพมหานคร,13.85402,100.58746,2026-10-07T04:00:00,4.4
1,คลองลาดพร้าว วัดบางบัว,ต.อนุสาวรีย์ อ.บางเขน,สสน.,กรุงเทพมหานคร,13.85402,100.58746,2026-10-07T05:00:00,4.4
10,คลองภาษีเจริญ เพชรเกษม69,ต.หลักสอง อ.บางแค,สสน.,กรุงเทพมหานคร,13.69158,100.38127,2026-10-07T00:00:00,10.8
10,คลองภาษีเจริญ เพชรเกษม69,ต.หลักสอง อ.บางแค,สสน.,กรุงเทพมหานคร,13.69158,100.38127,2026-10-07T01:00:00,11.4
10,คลองภาษีเจริญ เพชรเกษม69,ต.หลักสอง อ.บางแค,สสน.,กรุงเทพมหานคร,13.69158,100.38127,2026-10-07T02:00:00,11.4
10,คลองภาษีเจริญ เพชรเกษม69,ต.หลักสอง อ.บางแค,สสน.,กรุงเทพมหานคร,13.69158,100.38127,2026-10-07T04:00:00,11.0
10,คลองภาษีเจริญ เพชรเกษม69,ต.หลักสอง อ.บางแค,สสน.,กรุงเทพมหานคร,13.69158,100.38127,2026-10-07T05:00:00,11.0
2,คลองแสนแสบ บางกะปิ,ต.หัวหมาก อ.บางกะปิ,สสน.,กรุงเทพมหานคร,13.76131,100.61601,2026-10-07T00:00:00,33.6
2,คลองแสนแสบ บางกะปิ,ต.หัวหมาก อ.บางกะปิ,สสน.,กรุงเทพมหานคร,13.76131,100.61601,2026-10-07T01:00:00,32.2
2,คลองแสนแสบ บางกะปิ,ต.หัวหมาก อ.บางกะปิ,สสน.,กรุงเทพมหานคร,13.76131,100.61601,2026-10-07T02:00:00,18.4
2,คลองแสนแสบ บางกะปิ,ต.หัวหมาก อ.บางกะปิ,สสน.,กรุงเทพมหานคร,13.76131,100.61601,2026-10-07T04:00:00,3.2
2,คลองแสนแสบ บางกะปิ,ต.หัวหมาก อ.บางกะปิ,สสน.,กรุงเทพมหานคร,13.76131,100.61601,2026-10-07T05:00:00,0.2
26,สะพานนวลฉวี,ต.บ้านใหม่ อ.ปากเกร็ด,สสน.,นนทบุรี,13.94749,100.53507,2026-10-07T00:00:00,21.2
26,สะพานนวลฉวี,ต.บ้านใหม่ อ.ปากเกร็ด,สสน.,นนทบุรี,13.94749,100.53507,2026-10-07T01:00:00,21.2
26,สะพานนวลฉวี,ต.บ้านใหม่ อ.ปากเกร็ด,สสน.,นนทบุรี,13.94749,100.53507,2026-10-07T02:00:00,21.2
26,สะพานนวลฉวี,ต.บ้านใหม่ อ.ปากเกร็ด,สสน.,นนทบุรี,13.94749,100.53507,2026-10-07T04:00:00,6.6
26,สะพานนวลฉวี,ต.บ้านใหม่ อ.ปากเกร็ด,สสน.,นนทบุรี,13.94749,100.53507,2026-10-07T05:00:00,6.6
27,คลองเปรมประชากร หลักหก,ต.หลักหก อ.เมืองปทุมธานี,สสน.,ปทุมธานี,13.96562,100.60262,2026-10-07T00:00:00,23.8
27,คลองเปรมประชากร หลักหก,ต.หลักหก อ.เมืองปทุมธานี,สสน.,ปทุมธานี,13.96562,100.60262,2026-10-07T01:00:00,24.0
27,คลองเปรมประชากร หลักหก,ต.หลักหก อ.เมืองปทุมธานี,สสน.,ปทุมธานี,13.96562,100.60262,2026-10-07T02:00:00,23.6
27,คลองเปรมประชากร หลักหก,ต.หลักหก อ.เมืองปทุมธานี,สสน.,ปทุมธานี,13.96562,100.60262,2026-10-07T04:00:00,6.0
27,คลองเปรมประชากร หลักหก,ต.หลักหก อ.เมืองปทุมธานี,สสน.,ปทุมธานี,13.96562,100.60262,2026-10-07T05:00:00,5.6
3,คลองลำปลาทิว ลาดกระบัง,ต.ลาดกระบัง อ.ลาดกระบัง,สสน.,กรุงเทพมหานคร,13.7407,100.79468,2026-10-07T00:00:00,56.2
3,คลองลำปลาทิว ลาดกระบัง,ต.ลาดกระบัง อ.ลาดกระบัง,สสน.,กรุงเทพมหานคร,13.7407,100.79468,2026-10-07T01:00:00,56.2
3,คลองลำปลาทิว ลาดกระบัง,ต.ลาดกระบัง อ.ลาดกระบัง,สสน.,กรุงเทพมหานคร,13.7407,100.79468,2026-10-07T02:00:00,56.2
3,คลองลำปลาทิว ลาดกระบัง,ต.ลาดกระบัง อ.ลาดกระบัง,สสน.,กรุงเทพมหานคร,13.7407,100.79468,2026-10-07T04:00:00,53.0
3,คลองลำปลาทิว ลาดกระบัง,ต.ลาดกระบัง อ.ลาดกระบัง,สสน.,กรุงเทพมหานคร,13.7407,100.79468,2026-10-07T05:00:00,50.6
3690,ปทุมธานี สกษ.,ต.คลองหนึ่ง อ.คลองหลวง,อต.,ปทุมธานี,14.1,100.61667,2026-10-07T01:00:00,35.0
3690,ปทุมธานี สกษ.,ต.คลองหนึ่ง อ.คลองหลวง,อต.,ปทุมธานี,14.1,100.61667,2026-10-07T04:00:00,35.0
37,คลองหกวา ลำลูกกา คลอง8,ต.ลำลูกกา อ.ลำลูกกา,สสน.,ปทุมธานี,13.9416,100.77499,2026-10-07T00:00:00,59.6
37,คลองหกวา ลำลูกกา คลอง8,ต.ลำลูกกา อ.ลำลูกกา,สสน.,ปทุมธานี,13.9416,100.77499,2026-10-07T01:00:00,32.6
37,คลองหกวา ลำลูกกา คลอง8,ต.ลำลูกกา อ.ลำลูกกา,สสน.,ปทุมธานี,13.9416,100.77499,2026-10-07T02:00:00,9.8
37,คลองหกวา ลำลูกกา คลอง8,ต.ลำลูกกา อ.ลำลูกกา,สสน.,ปทุมธานี,13.9416,100.77499,2026-10-07T04:00:00,4.4
37,คลองหกวา ลำลูกกา คลอง8,ต.ลำลูกกา อ.ลำลูกกา,สสน.,ปทุมธานี,13.9416,100.77499,2026-10-07T05:00:00,4.4
3709,กรุงเทพฯ บางนา สกษ.,ต.บางนา อ.บางนา,อต.,กรุงเทพมหานคร,13.66639,100.60611,2026-10-07T01:00:00,25.6
3709,กรุงเทพฯ บางนา สกษ.,ต.บางนา อ.บางนา,อต.,กรุงเทพมหานคร,13.66639,100.60611,2026-10-07T04:00:00,15.2
3712,สนามบินดอนเมือง,ต.สีกัน อ.ดอนเมือง,อต.,กรุงเทพมหานคร,13.91917,100.605,2026-10-07T01:00:00,30.2
3712,สนามบินดอนเมือง,ต.สีกัน อ.ดอนเมือง,อต.,กรุงเทพมหานคร,13.91917,100.605,2026-10-07T04:00:00,4.4
4,สะพานกรุงเทพ,ต.ดาวคะนอง อ.ธนบุรี,สสน.,กรุงเทพมหานคร,13.700301,100.49277,2026-10-07T00:00:00,0.0
4,สะพานกรุงเทพ,ต.ดาวคะนอง อ.ธนบุรี,สสน.,กรุงเทพมหานคร,13.700301,100.49277,2026-10-07T01:00:00,0.0
4,สะพานกรุงเทพ,ต.ดาวคะนอง อ.ธนบุรี,สสน.,กรุงเทพมหานคร,13.700301,100.49277,2026-10-07T02:00:00,0.0
4,สะพานกรุงเทพ,ต.ดาวคะนอง อ.ธนบุรี,สสน.,กรุงเทพมหานคร,13.700301,100.49277,2026-10-07T04:00:00,0.0
4,สะพานกรุงเทพ,ต.ดาวคะนอง อ.ธนบุรี,สสน.,กรุงเทพมหานคร,13.700301,100.49277,2026-10-07T05:00:00,0.0
492334,ปตร.กระมัง (ปากคลองข้าวเม่า),ต.หัวรอ อ.พระนครศรีอยุธยา,สสน.,พระนครศรีอยุธยา,14.355055,100.58354,2026-10-07T00:00:00,0.0
492334,ปตร.กระมัง (ปากคลองข้าวเม่า),ต.หัวรอ อ.พระนครศรีอยุธยา,สสน.,พระนครศรีอยุธยา,14.355055,100.58354,2026-10-07T01:00:00,0.0
492334,ปตร.กระมัง (ปากคลองข้าวเม่า),ต.หัวรอ อ.พระนครศรีอยุธยา,สสน.,พระนครศรีอยุธยา,14.355055,100.58354,2026-10-07T02:00:00,0.0
492334,ปตร.กระมัง (ปากคลองข้าวเม่า),ต.หัวรอ อ.พระนครศรีอยุธยา,สสน.,พระนครศรีอยุธยา,14.355055,100.58354,2026-10-07T04:00:00,0.0
492334,ปตร.กระมัง (ปากคลองข้าวเม่า),ต.หัวรอ อ.พระนครศรีอยุธยา,สสน.,พระนครศรีอยุธยา,14.355055,100.58354,2026-10-07T05:00:00,0.0
5,คลองมหาสวัสดิ บางกรวย-สวนผัก,ต.ตลิ่งชัน อ.ตลิ่งชัน,สสน.,กรุงเทพมหานคร,13.79965,100.43863,2026-10-07T00:00:00,20.6
5,คลองมหาสวัสดิ บางกรวย-สวนผัก,ต.ตลิ่งชัน อ.ตลิ่งชัน,สสน.,กรุงเทพมหานคร,13.79965,100.43863,2026-10-07T01:00:00,21.8
5,คลองมหาสวัสดิ บางกรวย-สวนผัก,ต.ตลิ่งชัน อ.ตลิ่งชัน,สสน.,กรุงเทพมหานคร,13.79965,100.43863,2026-10-07T02:00:00,21.8
5,คลองมหาสวัสดิ บางกรวย-สวนผัก,ต.ตลิ่งชัน อ.ตลิ่งชัน,สสน.,กรุงเทพมหานคร,13.79965,100.43863,2026-10-07T04:00:00,7.6
5,คลองมหาสวัสดิ บางกรวย-สวนผัก,ต.ตลิ่งชัน อ.ตลิ่งชัน,สสน.,กรุงเทพมหานคร,13.79965,100.43863,2026-10-07T05:00:00,7.2
575566,ปตร.วัดบางกระเจ้านอก,ต.บางกระเจ้า อ.พระประแดง,สสน.,สมุทรปราการ,13.689612,100.554886,2026-10-07T00:00:00,31.6
575566,ปตร.วัดบางกระเจ้านอก,ต.บางกระเจ้า อ.พระประแดง,สสน.,สมุทรปราการ,13.689612,100.554886,2026-10-07T01:00:00,31.6
575566,ปตร.วัดบางกระเจ้านอก,ต.บางกระเจ้า อ.พระประแดง,สสน.,สมุทรปราการ,13.689612,100.554886,2026-10-07T02:00:00,25.0
575566,ปตร.วัดบางกระเจ้านอก,ต.บางกระเจ้า อ.พระประแดง,สสน.,สมุทรปราการ,13.689612,100.554886,2026-10-07T04:00:00,13.8
575566,ปตร.วัดบางกระเจ้านอก,ต.บางกระเจ้า อ.พระประแดง,สสน.,สมุทรปราการ,13.689612,100.554886,2026-10-07T05:00:00,12.8
575571,ปตร. คลองแพ,ต.บางกอบัว อ.พระประแดง,สสน.,สมุทรปราการ,13.694974,100.58231,2026-10-07T00:00:00,20.2
575571,ปตร. คลองแพ,ต.บางกอบัว อ.พระประแดง,สสน.,สมุทรปราการ,13.694974,100.58231,2026-10-07T01:00:00,20.4
575571,ปตร. คลองแพ,ต.บางกอบัว อ.พระประแดง,สสน.,สมุทรปราการ,13.694974,100.58231,2026-10-07T02:00:00,5.6
575571,ปตร. คลองแพ,ต.บางกอบัว อ.พระประแดง,สสน.,สมุทรปราการ,13.694974,100.58231,2026-10-07T04:00:00,3.6
575571,ปตร. คลองแพ,ต.บางกอบัว อ.พระประแดง,สสน.,สมุทรปราการ,13.694974,100.58231,2026-10-07T05:00:00,2.6
575572,ตลาดน้ำบางน้ำผึ้ง,ต.บางน้ำผึ้ง อ.พระประแดง,สสน.,สมุทรปราการ,13.678656,100.57356,2026-10-07T00:00:00,7.2
575572,ตลาดน้ำบางน้ำผึ้ง,ต.บางน้ำผึ้ง อ.พระประแดง,สสน.,สมุทรปราการ,13.678656,100.57356,2026-10-07T01:00:00,7.2
575572,ตลาดน้ำบางน้ำผึ้ง,ต.บางน้ำผึ้ง อ.พระประแดง,สสน.,สมุทรปราการ,13.678656,100.57356,2026-10-07T02:00:00,7.2
575572,ตลาดน้ำบางน้ำผึ้ง,ต.บางน้ำผึ้ง อ.พระประแดง,สสน.,สมุทรปราการ,13.678656,100.57356,2026-10-07T04:00:00,4.6
575572,ตลาดน้ำบางน้ำผึ้ง,ต.บางน้ำผึ้ง อ.พระประแดง,สสน.,สมุทรปราการ,13.678656,100.57356,2026-10-07T05:00:00,3.4
748,สะพานนครชัยศรี,ต.ไทยาวาส อ.นครชัยศรี,สสน.,นครปฐม,13.79217,100.19817,2026-10-07T00:00:00,4.2
748,สะพานนครชัยศรี,ต.ไทยาวาส อ.นครชัยศรี,สสน.,นครปฐม,13.79217,100.19817,2026-10-07T01:00:00,5.2
748,สะพานนครชัยศรี,ต.ไทยาวาส อ.นครชัยศรี,สสน.,นครปฐม,13.79217,100.19817,2026-10-07T02:00:00,6.6
748,สะพานนครชัยศรี,ต.ไทยาวาส อ.นครชัยศรี,สสน.,นครปฐม,13.79217,100.19817,2026-10-07T04:00:00,7.0
748,สะพานนครชัยศรี,ต.ไทยาวาส อ.นครชัยศรี,สสน.,นครปฐม,13.79217,100.19817,2026-10-07T05:00:00,7.0
750,เมืองสมุทรสาคร,ต.ท่าจีน อ.เมืองสมุทรสาคร,สสน.,สมุทรสาคร,13.58598,100.23048,2026-10-07T00:00:00,11.4
750,เมืองสมุทรสาคร,ต.ท่าจีน อ.เมืองสมุทรสาคร,สสน.,สมุทรสาคร,13.58598,100.23048,2026-10-07T01:00:00,11.4
750,เมืองสมุทรสาคร,ต.ท่าจีน อ.เมืองสมุทรสาคร,สสน.,สมุทรสาคร,13.58598,100.23048,2026-10-07T02:00:00,11.8
750,เมืองสมุทรสาคร,ต.ท่าจีน อ.เมืองสมุทรสาคร,สสน.,สมุทรสาคร,13.58598,100.23048,2026-10-07T04:00:00,11.8
750,เมืองสมุทรสาคร,ต.ท่าจีน อ.เมืองสมุทรสาคร,สสน.,สมุทรสาคร,13.58598,100.23048,2026-10-07T05:00:00,11.6
751,คลองมหาชัย วัดพันท้ายนรสิงห์,ต.พันท้ายนรสิงห์ อ.เมืองสมุทรสาคร,สสน.,สมุทรสาคร,13.58184,100.36587,2026-10-07T00:00:00,14.6
751,คลองมหาชัย วัดพันท้ายนรสิงห์,ต.พันท้ายนรสิงห์ อ.เมืองสมุทรสาคร,สสน.,สมุทรสาคร,13.58184,100.36587,2026-10-07T01:00:00,14.6
751,คลองมหาชัย วัดพันท้ายนรสิงห์,ต.พันท้ายนรสิงห์ อ.เมืองสมุทรสาคร,สสน.,สมุทรสาคร,13.58184,100.36587,2026-10-07T02:00:00,14.6
751,คลองมหาชัย วัดพันท้ายนรสิงห์,ต.พันท้ายนรสิงห์ อ.เมืองสมุทรสาคร,สสน.,สมุทรสาคร,13.58184,100.36587,2026-10-07T04:00:00,2.8
751,คลองมหาชัย วัดพันท้ายนรสิงห์,ต.พันท้ายนรสิงห์ อ.เมืองสมุทรสาคร,สสน.,สมุทรสาคร,13.58184,100.36587,2026-10-07T05:00:00,2.8
752,อบต.บางกระเจ้า,ต.บางกระเจ้า อ.เมืองสมุทรสาคร,สสน.,สมุทรสาคร,13.52146,100.19283,2026-10-07T00:00:00,9.2
752,อบต.บางกระเจ้า,ต.บางกระเจ้า อ.เมืองสมุทรสาคร,สสน.,สมุทรสาคร,13.52146,100.19283,2026-10-07T01:00:00,9.2
752,อบต.บางกระเจ้า,ต.บางกระเจ้า อ.เมืองสมุทรสาคร,สสน.,สมุทรสาคร,13.52146,100.19283,2026-10-07T02:00:00,9.2
752,อบต.บางกระเจ้า,ต.บางกระเจ้า อ.เมืองสมุทรสาคร,สสน.,สมุทรสาคร,13.52146,100.19283,2026-10-07T04:00:00,7.2
752,อบต.บางกระเจ้า,ต.บางกระเจ้า อ.เมืองสมุทรสาคร,สสน.,สมุทรสาคร,13.52146,100.19283,2026-10-07T05:00:00,6.4
753,ปากแม่น้ำท่าจีน,ต.บางหญ้าแพรก อ.เมืองสมุทรสาคร,สสน.,สมุทรสาคร,13.5178,100.27499,2026-10-07T00:00:00,0.0
753,ปากแม่น้ำท่าจีน,ต.บางหญ้าแพรก อ.เมืองสมุทรสาคร,สสน.,สมุทรสาคร,13.5178,100.27499,2026-10-07T01:00:00,0.0
753,ปากแม่น้ำท่าจีน,ต.บางหญ้าแพรก อ.เมืองสมุทรสาคร,สสน.,สมุทรสาคร,13.5178,100.27499,2026-10-07T02:00:00,0.0
753,ปากแม่น้ำท่าจีน,ต.บางหญ้าแพรก อ.เมืองสมุทรสาคร,สสน.,สมุทรสาคร,13.5178,100.27499,2026-10-07T04:00:00,0.0
753,ปากแม่น้ำท่าจีน,ต.บางหญ้าแพรก อ.เมืองสมุทรสาคร,สสน.,สมุทรสาคร,13.5178,100.27499,2026-10-07T05:00:00,0.0
754,บ้านแพ้ว,ต.หนองบัว อ.บ้านแพ้ว,สสน.,สมุทรสาคร,13.57563,100.07884,2026-10-07T00:00:00,0.0
754,บ้านแพ้ว,ต.หนองบัว อ.บ้านแพ้ว,สสน.,สมุทรสาคร,13.57563,100.07884,2026-10-07T01:00:00,0.0
754,บ้านแพ้ว,ต.หนองบัว อ.บ้านแพ้ว,สสน.,สมุทรสาคร,13.57563,100.07884,2026-10-07T02:00:00,0.0
754,บ้านแพ้ว,ต.หนองบัว อ.บ้านแพ้ว,สสน.,สมุทรสาคร,13.57563,100.07884,2026-10-07T04:00:00,0.0
754,บ้านแพ้ว,ต.หนองบัว อ.บ้านแพ้ว,สสน.,สมุทรสาคร,13.57563,100.07884,2026-10-07T05:00:00,0.0
8,คลองลาดพร้าว ปากคลอง2สายใต้,ต.ลาดพร้าว อ.ลาดพร้าว,สสน.,กรุงเทพมหานคร,13.93183,100.63952,2026-10-07T00:00:00,67.8
8,คลองลาดพร้าว ปากคลอง2สายใต้,ต.ลาดพร้าว อ.ลาดพร้าว,สสน.,กรุงเทพมหานคร,13.93183,100.63952,2026-10-07T01:00:00,68.0
8,คลองลาดพร้าว ปากคลอง2สายใต้,ต.ลาดพร้าว อ.ลาดพร้าว,สสน.,กรุงเทพมหานคร,13.93183,100.63952,2026-10-07T02:00:00,68.0
8,คลองลาดพร้าว ปากคลอง2สายใต้,ต.ลาดพร้าว อ.ลาดพร้าว,สสน.,กรุงเทพมหานคร,13.93183,100.63952,2026-10-07T04:00:00,6.8
8,คลองลาดพร้าว ปากคลอง2สายใต้,ต.ลาดพร้าว อ.ลาดพร้าว,สสน.,กรุงเทพมหานคร,13.93183,100.63952,2026-10-07T05:00:00,5.4
852087,อโศก,ต.คลองเตยเหนือ อ.วัฒนา,สสน.,กรุงเทพมหานคร,13.74325,100.562164,2026-10-07T00:00:00,41.6
852087,อโศก,ต.คลองเตยเหนือ อ.วัฒนา,สสน.,กรุงเทพมหานคร,13.74325,100.562164,2026-10-07T01:00:00,41.6
852087,อโศก,ต.คลองเตยเหนือ อ.วัฒนา,สสน.,กรุงเทพมหานคร,13.74325,100.562164,2026-10-07T02:00:00,20.2
852087,อโศก,ต.คลองเตยเหนือ อ.วัฒนา,สสน.,กรุงเทพมหานคร,13.74325,100.562164,2026-10-07T04:00:00,2.0
852087,อโศก,ต.คลองเตยเหนือ อ.วัฒนา,สสน.,กรุงเทพมหานคร,13.74325,100.562164,2026-10-07T05:00:00,0.6
