id,name,lat,lon,time,rain_24h,tmax,tmin
48300,แม่ฮ่องสอน,19.29897,97.97578,2026-09-30T07:00:00,4.4,28.2,22.7
48302,ดอยอ่างขาง,19.93139,99.04833,2026-09-30T07:00:00,13.9,17.9,15.6
48303,เชียงราย,19.96139,99.88139,2026-09-30T07:00:00,0.8,29.3,23.0
48304,เชียงราย สกษ.,19.87083,99.78278,2026-09-30T07:00:00,5.2,27.3,22.0
48307,ทุ่งช้าง,19.41194,100.88353,2026-09-30T07:00:00,0.2,31.7,23.5
48310,พะเยา,19.13333,99.9,2026-09-30T07:00:00,2.6,29.0,22.6
48315,ท่าวังผา,19.11056,100.8025,2026-09-30T07:00:00,0.2,32.5,24.1
48324,เถิน,17.63661,99.24475,2026-09-30T07:00:00,12.0,30.4,23.3
48325,แม่สะเรียง,18.16667,97.93333,2026-09-30T07:00:00,8.0,26.2,22.8
48327,เชียงใหม่,18.77111,98.9725,2026-09-30T07:00:00,0.6,29.5,23.2
48328,ลำปาง,18.28333,99.51667,2026-09-30T07:00:00,15.4,29.3,22.5
48329,ลำพูน,18.56667,99.03333,2026-09-30T07:00:00,2.9,30.0,22.6
48330,แพร่,18.16667,100.16667,2026-09-30T07:00:00,7.2,31.4,23.5
48331,น่าน,18.77972,100.77778,2026-09-30T07:00:00,1.2,33.8,24.5
48333,น่าน สกษ.,18.86667,100.75,2026-09-30T07:00:00,0.0,32.3,23.8
48334,ลำปาง สกษ.,18.31667,99.28333,2026-09-30T07:00:00,13.8,30.5,22.9
48350,เลย สกษ.,17.4,101.73333,2026-09-30T07:00:00,0.01,31.7,23.1
48351,อุตรดิตถ์,17.61667,100.1,2026-09-30T07:00:00,15.1,33.1,24.5
48352,หนองคาย,17.86511,102.74728,2026-09-30T07:00:00,0.0,33.4,25.0
48353,เลย,17.45,101.73333,2026-09-30T07:00:00,0.0,33.0,23.2
48354,อุดรธานี,17.38333,102.8,2026-09-30T07:00:00,0.0,33.1,23.8
48355,สกลนคร สกษ.,17.12503,104.061,2026-09-30T07:00:00,0.0,35.0,24.0
48356,สกลนคร,17.15,104.13333,2026-09-30T07:00:00,0.0,33.2,24.2
48357,นครพนม,17.41083,104.7825,2026-09-30T07:00:00,0.0,33.5,24.6
48358,นครพนม สกษ.,17.44306,104.77361,2026-09-30T07:00:00,0.0,33.5,24.5
48360,หนองบัวลำภู,17.2325,102.42944,2026-09-30T07:00:00,0.0,32.7,22.1
48363,บึงกาฬ,18.41361,103.51672,2026-09-30T07:00:00,0.4,33.2,23.0
48372,สุโขทัย,17.10611,99.8,2026-09-30T07:00:00,1.0,32.2,24.8
48373,ศรีสำโรง สกษ.,17.16136,99.86167,2026-09-30T07:00:00,0.0,30.5,24.0
48374,หล่มสัก,16.77361,101.24944,2026-09-30T07:00:00,3.6,33.2,24.3
48375,แม่สอด,16.65917,98.55083,2026-09-30T07:00:00,3.9,29.0,21.5
48376,ตาก,16.87833,99.14333,2026-09-30T07:00:00,16.4,34.0,26.5
48377,เขื่อนภูมิพล,17.24389,99.0025,2026-09-30T07:00:00,3.3,29.2,22.5
48378,พิษณุโลก,16.79481,100.2793,2026-09-30T07:00:00,0.0,33.4,24.8
48379,เพชรบูรณ์,16.43333,101.15,2026-09-30T07:00:00,13.0,33.4,24.5
48380,กำแพงเพชร,16.48681,99.52697,2026-09-30T07:00:00,11.4,32.5,24.0
48381,ขอนแก่น,16.46111,102.78972,2026-09-30T07:00:00,0.0,32.6,23.7
48382,มหาสารคาม,16.24722,103.06805,2026-09-30T07:00:00,0.0,34.5,24.5
48383,มุกดาหาร,16.54139,104.72889,2026-09-30T07:00:00,0.0,34.7,25.5
48384,ท่าพระ สกษ.,16.33333,102.81667,2026-09-30T07:00:00,0.0,33.9,23.7
48385,อุ้มผาง,16.02472,98.86444,2026-09-30T07:00:00,4.1,29.4,21.5
48386,พิจิตร สกษ.,16.33878,100.36711,2026-09-30T07:00:00,0.0,32.6,25.2
48387,ดอยมูเซอร์ สกษ.,16.75,98.93333,2026-09-30T07:00:00,10.5,25.7,19.5
48390,กาฬสินธุ์,16.33203,103.58753,2026-09-30T07:00:00,0.0,34.0,24.5
48391,อำนาจเจริญ,15.90375,104.61805,2026-09-30T07:00:00,0.0,32.9,24.6
48400,นครสวรรค์,15.67183,100.13236,2026-09-30T07:00:00,0.2,32.4,25.3
48401,ตากฟ้า สกษ.,15.34944,100.53028,2026-09-30T07:00:00,0.0,32.8,23.4
48402,ชัยนาท สกษ.,15.15,100.18333,2026-09-30T07:00:00,0.0,32.2,25.5
48403,ชัยภูมิ,15.8,102.03333,2026-09-30T07:00:00,0.0,34.0,24.5
48404,ร้อยเอ็ด สกษ.,16.07322,103.60844,2026-09-30T07:00:00,0.0,33.2,24.2
48405,ร้อยเอ็ด,16.02,103.74389,2026-09-30T07:00:00,0.0,34.1,25.0
48407,อุบลราชธานี (ศูนย์ฯ),15.25,104.86667,2026-09-30T07:00:00,0.0,34.8,25.4
48408,อุบลราชธานี สกษ.,15.23914,105.0235,2026-09-30T07:00:00,0.0,35.4,24.2
48409,ศรีสะเกษ,15.0,104.05,2026-09-30T07:00:00,0.0,34.5,26.7
48410,อุทัยธานี,15.37417,100.03889,2026-09-30T07:00:00,0.01,33.3,25.9
48413,วิเชียรบุรี,15.657,101.108,2026-09-30T07:00:00,0.0,34.3,26.0
48415,พระนครศรีอยุธยา,14.53472,100.725,2026-09-30T07:00:00,0.0,33.2,26.4
48416,ท่าตูม,15.31667,103.68333,2026-09-30T07:00:00,0.0,34.3,25.5
48417,นครนายก,14.21667,101.38333,2026-09-30T07:00:00,0.0,23.8,19.0
48418,บัวชุม,15.26667,101.18736,2026-09-30T07:00:00,0.0,35.3,23.6
48419,ปทุมธานี สกษ.,14.1,100.61667,2026-09-30T07:00:00,0.0,35.0,26.5
48420,สมุทรปราการ สกษ.,13.51667,100.76167,2026-09-30T07:00:00,0.0,31.8,27.3
48421,ทองผาภูมิ,14.74222,98.63639,2026-09-30T07:00:00,4.6,30.6,24.0
48425,สุพรรณบุรี,14.47444,100.13889,2026-09-30T07:00:00,0.4,32.1,25.6
48426,ลพบุรี,14.79972,100.62833,2026-09-30T07:00:00,0.2,32.9,25.8
48427,อู่ทอง สกษ.,14.30361,99.86472,2026-09-30T07:00:00,6.0,33.5,24.6
48429,สนามบินสุวรรณภูมิ,13.68639,100.7675,2026-09-30T07:00:00,0.01,32.3,26.0
48431,นครราชสีมา,14.9683,102.08603,2026-09-30T07:00:00,0.0,34.8,24.0
48432,สุรินทร์,14.88333,103.5,2026-09-30T07:00:00,0.0,34.7,25.7
48433,สุรินทร์ สกษ.,14.88333,103.45,2026-09-30T07:00:00,0.0,33.9,24.2
48434,โชคชัย,14.71889,102.16861,2026-09-30T07:00:00,0.0,36.0,25.0
48435,ปากช่อง สกษ.,14.64389,101.33194,2026-09-30T07:00:00,0.0,31.5,22.0
48436,นางรอง,14.58333,102.8,2026-09-30T07:00:00,0.0,34.2,23.6
48437,บุรีรัมย์,15.22575,103.24808,2026-09-30T07:00:00,0.0,34.7,23.7
48438,สมุทรสงคราม,13.40778,100.03222,2026-09-30T07:00:00,0.0,30.3,25.0
48440,สระแก้ว,13.78889,102.03472,2026-09-30T07:00:00,0.0,33.4,24.2
48450,กาญจนบุรี,14.0225,99.53583,2026-09-30T07:00:00,1.6,34.0,23.4
48451,นครปฐม,14.01167,99.97,2026-09-30T07:00:00,5.0,33.5,24.5
48453,กรุงเทพฯ บางนา สกษ.,13.66639,100.60611,2026-09-30T07:00:00,0.0,33.5,26.0
48454,กรุงเทพฯ ท่าเรือคลองเตย,13.70694,100.56805,2026-09-30T07:00:00,0.0,34.2,27.0
48455,กรุงเทพมหานคร,13.72639,100.56,2026-09-30T07:00:00,0.0,34.0,26.8
48456,สนามบินดอนเมือง,13.91917,100.605,2026-09-30T07:00:00,0.0,33.4,27.0
48457,นำร่อง,13.37722,100.59944,2026-09-30T07:00:00,0.0,30.0,27.5
48458,ฉะเชิงเทรา,13.51556,101.45833,2026-09-30T07:00:00,19.4,33.7,23.0
48459,ชลบุรี,13.36667,100.98333,2026-09-30T07:00:00,12.6,33.4,25.1
48460,เกาะสีชัง,13.16167,100.80194,2026-09-30T07:00:00,0.0,32.8,24.7
48461,พัทยา,12.92,100.86944,2026-09-30T07:00:00,0.0,33.4,24.6
48463,แหลมฉบัง,13.07694,100.87583,2026-09-30T07:00:00,0.0,33.2,25.7
48464,ราชบุรี,13.48931,99.79239,2026-09-30T07:00:00,16.2,33.9,25.0
48465,เพชรบุรี,12.99944,100.06056,2026-09-30T07:00:00,0.0,32.0,22.2
48474,หนองพลับ สกษ.,12.58333,99.73333,2026-09-30T07:00:00,1.2,31.8,23.0
48475,หัวหิน,12.58611,99.9625,2026-09-30T07:00:00,0.0,31.8,25.1
48477,สัตหีบ,12.68333,100.98333,2026-09-30T07:00:00,0.0,31.5,26.0
48478,ระยอง,12.63222,101.34361,2026-09-30T07:00:00,0.4,31.2,24.6
48479,ห้วยโป่ง สกษ.,12.735,101.135,2026-09-30T07:00:00,3.6,31.8,23.6
48480,จันทบุรี,12.61667,102.11333,2026-09-30T07:00:00,0.0,33.5,24.5
48481,พลิ้ว สกษ.,12.50861,102.17305,2026-09-30T07:00:00,0.0,33.7,24.8
48500,ประจวบคีรีขันธ์,11.83333,99.83333,2026-09-30T07:00:00,2.6,30.2,24.0
48501,ตราด,11.76667,102.88333,2026-09-30T07:00:00,0.0,33.0,24.0
48517,ชุมพร,10.49875,99.18847,2026-09-30T07:00:00,29.2,30.5,24.0
48520,สวี สกษ.,10.33333,99.1,2026-09-30T07:00:00,0.0,32.2,25.3
48532,ระนอง,9.98333,98.61667,2026-09-30T07:00:00,11.6,31.6,24.3
48550,เกาะสมุย,9.46667,100.05,2026-09-30T07:00:00,0.0,32.6,26.2
48551,สุราษฎร์ธานี,9.13556,99.15194,2026-09-30T07:00:00,0.0,35.7,23.6
48552,นครศรีธรรมราช,8.53778,99.94722,2026-09-30T07:00:00,0.0,33.0,25.1
48554,นครศรีธรรมราช สกษ.,8.35931,100.0,2026-09-30T07:00:00,3.2,32.2,25.2
48555,สุราษฎร์ธานี สกษ.,9.1,99.63333,2026-09-30T07:00:00,41.8,34.6,24.0
48556,พระแสง สอท.,8.57022,99.25825,2026-09-30T07:00:00,2.9,34.1,24.4
48557,ฉวาง,8.42472,99.50667,2026-09-30T07:00:00,0.0,34.3,24.5
48560,พัทลุง สกษ.,7.58333,100.16667,2026-09-30T07:00:00,0.0,34.5,25.0
48561,ตะกั่วป่า,8.68417,98.25222,2026-09-30T07:00:00,55.8,32.4,24.0
48563,กระบี่,8.10361,98.97528,2026-09-30T07:00:00,0.8,32.0,24.2
48564,ภูเก็ต,7.88333,98.4,2026-09-30T07:00:00,0.0,32.7,25.7
48565,ภูเก็ต (ศูนย์ฯ),8.145,98.31444,2026-09-30T07:00:00,6.2,34.0,25.4
48566,เกาะลันตา,7.53333,99.05,2026-09-30T07:00:00,0.6,31.3,25.6
48567,ตรัง,7.51667,99.61667,2026-09-30T07:00:00,0.0,33.2,24.2
48568,สงขลา,7.18211,100.60769,2026-09-30T07:00:00,1.8,32.2,25.1
48569,หาดใหญ่,6.91667,100.43333,2026-09-30T07:00:00,0.0,34.8,23.8
48570,สตูล,6.65,100.08333,2026-09-30T07:00:00,0.0,34.9,24.5
48571,คอหงษ์ สกษ.,7.0,100.5,2026-09-30T07:00:00,0.0,32.9,24.5
48574,สะเดา,6.79806,100.39056,2026-09-30T07:00:00,0.0,33.6,23.7
48580,ปัตตานี,6.78333,101.15,2026-09-30T07:00:00,5.6,33.4,24.0
48581,ยะลา สกษ.,6.51667,101.28333,2026-09-30T07:00:00,8.7,36.5,23.9
48583,นราธิวาส,6.41667,101.81667,2026-09-30T07:00:00,1.4,33.4,25.3
